Payment_ID,Loan_ID,Payment_Date,Payment_Amount,Remaining_Balance,Is_Late,Days_Late
8001,5447,2021-05-01,645.76,26237.95,0,0
8002,5785,2021-12-11,743.88,4793.63,1,12
8003,5497,2020-10-08,1407.63,35170.91,0,0
8004,5561,2020-07-25,1383.98,31168.13,0,0
8005,5484,2023-10-12,1130.38,7629.93,0,0
8006,5849,2021-04-07,1350.09,27760.8,0,0
8007,5722,2022-07-09,615.54,24105.32,0,0
8008,5116,2023-06-17,695.44,7381.4,0,0
8009,5535,2021-04-19,997.83,10928.14,0,0
8010,5098,2022-10-15,1010.71,16359.46,0,0
8011,5328,2023-05-11,826.21,27969.71,0,0
8012,5909,2020-02-04,720.86,25548.94,1,5
8013,5407,2023-01-16,1482.03,21289.39,0,0
8014,5313,2021-06-07,1267.46,30736.42,0,0
8015,5702,2022-09-21,765.47,30317.51,0,0
8016,5694,2022-05-05,1145.48,24714.37,0,0
8017,5148,2024-05-13,550.43,31479.6,1,33
8018,5342,2024-10-17,330.22,13370.53,1,47
8019,5495,2021-06-15,658.16,35249.98,0,0
8020,5948,2022-08-22,723.86,24596.4,0,0
8021,5023,2024-08-04,221.5,32894.54,0,0
8022,5105,2020-08-28,1259.23,21851.16,1,31
8023,5675,2023-08-19,666.95,8737.53,0,0
8024,5579,2022-12-11,954.54,21696.41,0,0
8025,5802,2022-05-01,296.15,14844.47,0,0
8026,5801,2021-11-21,427.5,27899.96,1,3
8027,5558,2021-05-30,1356.6,19031.75,0,0
8028,5593,2022-09-23,991.29,33444.51,0,0
8029,5941,2024-06-22,1435.37,27122.9,0,0
8030,5659,2021-09-05,1498.38,27381.78,1,14
8031,5222,2023-01-10,683.42,8686.21,0,0
8032,5855,2020-08-20,588.44,39369.99,1,30
8033,5015,2023-10-17,1315.86,33667.01,0,0
8034,5891,2021-10-07,1498.19,31560.2,0,0
8035,5633,2021-03-08,1018.53,13208.61,1,4
8036,5078,2021-07-16,1233.68,21425.27,1,43
8037,5322,2024-10-02,1216.27,5484.13,0,0
8038,5807,2023-12-28,661.94,21539.04,0,0
8039,5241,2023-02-17,946.55,5835.57,0,0
8040,5018,2021-06-12,1282.97,22121.51,0,0
8041,5768,2020-12-31,1094.55,25948.88,0,0
8042,5454,2023-09-21,227.51,15607.84,0,0
8043,5443,2020-04-13,637.72,19941.8,0,0
8044,5928,2021-06-10,387.82,35026.14,0,0
8045,5277,2022-12-29,502.86,4342.53,0,0
8046,5424,2023-04-05,1377.14,31669.32,0,0
8047,5476,2022-05-05,247.96,6830.18,0,0
8048,5027,2021-12-28,485.74,1468.32,0,0
8049,5514,2021-08-16,602.44,7422.98,0,0
8050,5865,2023-02-15,1001.95,30601.73,0,0
8051,5464,2020-03-19,894.33,16205.04,0,0
8052,5807,2024-03-23,483.75,34900.82,0,0
8053,5982,2020-07-10,413.51,20988.3,0,0
8054,5824,2023-03-12,507.84,890.01,0,0
8055,5363,2024-09-01,853.29,28668.54,0,0
8056,5383,2022-06-18,552.53,4409.32,0,0
8057,5751,2020-05-16,1431.88,31575.19,0,0
8058,5525,2023-10-31,803.02,6724.1,1,55
8059,5382,2023-06-29,276.43,13817.86,0,0
8060,5184,2023-01-05,1148.05,30450.86,1,31
8061,5194,2020-09-17,627.5,38169.25,0,0
8062,5462,2024-09-14,1049.54,14857.36,0,0
8063,5056,2023-04-29,563.47,33176.01,0,0
8064,5230,2020-12-07,941.97,7631.69,0,0
8065,5489,2020-02-25,1203.8,32287.19,1,34
8066,5028,2020-03-21,1406.41,26299.76,0,0
8067,5832,2022-04-17,539.47,7709.74,0,0
8068,5583,2024-10-18,635.31,12100.16,0,0
8069,5722,2023-02-21,803.55,5270.84,0,0
8070,5960,2020-08-23,1405.33,15318.68,0,0
8071,5184,2021-10-12,1371.8,8145.95,0,0
8072,5425,2020-08-11,316.84,25759.92,1,54
8073,5375,2024-02-16,371.51,39780.2,0,0
8074,5868,2020-07-20,844.16,480.37,0,0
8075,5041,2020-08-17,338.61,21636.79,0,0
8076,5484,2021-12-15,649.26,22946.66,0,0
8077,5260,2024-11-24,392.9,36568.35,0,0
8078,5441,2020-09-14,1026.85,20240.21,1,3
8079,5926,2020-08-24,1434.34,21748.06,0,0
8080,5856,2021-11-30,1495.75,18866.11,0,0
8081,5084,2020-02-06,687.81,10756.17,1,15
8082,5046,2020-02-24,978.72,2241.17,0,0
8083,5440,2021-11-05,1313.15,16346.31,0,0
8084,5671,2020-03-23,352.7,2103.66,0,0
8085,5856,2024-03-20,1096.43,22019.7,1,56
8086,5519,2020-12-31,731.5,12291.75,0,0
8087,5986,2022-12-19,467.99,21344.1,0,0
8088,5845,2023-10-14,723.58,5371.88,0,0
8089,5438,2021-02-17,298.75,37305.2,0,0
8090,5136,2024-06-20,1104.03,35780.85,0,0
8091,5183,2023-11-20,528.57,7599.86,0,0
8092,5709,2021-01-06,604.83,13737.77,0,0
8093,5172,2020-06-12,357.41,24539.71,1,4
8094,5909,2023-12-21,1324.06,3827.45,0,0
8095,5861,2024-10-18,841.48,14182.71,0,0
8096,5788,2021-12-17,943.79,10044.49,1,10
8097,5590,2022-12-18,940.26,36620.67,0,0
8098,5928,2024-09-02,733.64,34100.43,1,25
8099,5956,2021-01-31,450.29,23193.31,0,0
8100,5690,2020-08-25,1168.67,20813.85,0,0
8101,5539,2020-10-14,365.17,37229.03,0,0
8102,5120,2024-11-12,335.04,37297.11,0,0
8103,5281,2021-09-10,1123.19,38773.21,0,0
8104,5308,2024-08-03,471.49,5015.16,0,0
8105,5708,2023-01-28,598.8,6422.31,0,0
8106,5277,2020-09-27,817.8,27069.47,0,0
8107,5530,2022-09-09,784.16,21657.38,0,0
8108,5295,2022-06-30,1121.15,738.64,0,0
8109,5783,2023-05-04,1010.46,2479.0,0,0
8110,5053,2024-04-20,1037.72,35523.22,0,0
8111,5806,2022-09-17,1128.27,34754.83,0,0
8112,5432,2020-07-01,580.4,14290.84,0,0
8113,5052,2024-08-03,619.03,35642.02,0,0
8114,5728,2024-06-09,769.4,23747.0,0,0
8115,5072,2024-06-24,599.7,32236.23,0,0
8116,5028,2021-09-08,1480.42,17097.24,1,19
8117,5469,2021-11-29,1258.27,4535.93,0,0
8118,5912,2022-06-26,414.05,17349.08,0,0
8119,5764,2020-10-15,207.27,18291.99,1,29
8120,5886,2020-02-16,255.62,22037.77,0,0
8121,5912,2023-07-17,517.28,4223.31,0,0
8122,5547,2020-03-20,348.58,39656.07,0,0
8123,5401,2022-08-28,893.34,9765.47,0,0
8124,5201,2023-01-17,1315.39,7942.1,0,0
8125,5761,2020-01-01,1157.78,21072.12,0,0
8126,5611,2024-05-18,480.29,21488.33,0,0
8127,5820,2022-01-13,719.09,17592.83,0,0
8128,5989,2020-11-05,860.26,30875.69,0,0
8129,5999,2022-06-26,1253.27,20666.18,0,0
8130,5466,2024-05-07,1290.86,24387.82,0,0
8131,5652,2024-08-12,1382.63,28949.86,0,0
8132,5595,2020-08-13,862.02,1001.0,0,0
8133,5560,2021-08-04,1102.56,22825.77,0,0
8134,5790,2022-04-26,345.34,35367.78,1,8
8135,5379,2021-08-04,934.88,695.55,0,0
8136,5760,2022-04-01,523.3,16207.28,0,0
8137,5895,2022-11-15,761.23,37049.1,0,0
8138,5177,2020-05-06,1024.27,14126.18,0,0
8139,5052,2020-06-19,534.08,18349.15,0,0
8140,5079,2023-07-02,267.84,39261.66,0,0
8141,5385,2021-07-08,213.3,7972.95,0,0
8142,5834,2024-02-28,228.81,2610.21,1,8
8143,5576,2023-05-22,210.85,34376.9,0,0
8144,5008,2022-03-04,343.46,34738.61,1,52
8145,5214,2020-01-08,511.34,18883.11,0,0
8146,5025,2022-04-30,487.59,20568.29,0,0
8147,5450,2020-11-06,1482.84,33432.25,1,17
8148,5768,2022-03-16,597.81,29542.38,0,0
8149,5755,2021-03-30,365.65,10605.96,1,26
8150,5969,2020-03-21,909.23,675.73,0,0
8151,5457,2022-03-07,1315.34,19188.01,0,0
8152,5461,2022-02-20,1081.48,34356.49,0,0
8153,5198,2024-11-06,584.91,35833.39,0,0
8154,5094,2020-09-14,930.1,38249.05,0,0
8155,5719,2024-01-29,1129.31,35182.53,0,0
8156,5947,2022-01-04,1146.54,23201.74,0,0
8157,5437,2023-10-21,1066.5,17784.22,0,0
8158,5527,2023-10-07,1332.05,30993.99,0,0
8159,5690,2021-11-05,1331.14,29592.87,0,0
8160,5967,2020-02-21,952.62,21525.74,0,0
8161,5378,2022-06-25,758.81,3493.09,0,0
8162,5587,2021-02-11,1034.04,37043.25,0,0
8163,5104,2021-02-18,1263.68,18224.1,1,47
8164,5806,2021-04-19,207.35,14533.35,0,0
8165,5680,2022-12-09,1489.6,25182.7,0,0
8166,5962,2024-01-10,437.76,26953.52,0,0
8167,5627,2024-10-05,811.32,8427.52,1,20
8168,5039,2021-03-15,1333.64,33477.55,0,0
8169,5458,2024-11-27,492.55,11597.48,0,0
8170,5364,2023-02-16,819.83,7467.36,0,0
8171,5785,2024-12-13,372.36,16255.99,0,0
8172,5135,2021-01-30,713.6,29222.4,0,0
8173,5374,2021-05-19,430.28,38618.33,1,56
8174,5232,2024-11-06,672.72,32371.25,1,12
8175,5039,2022-05-03,685.5,37613.94,0,0
8176,5964,2024-08-22,1491.12,5624.23,0,0
8177,5803,2023-08-23,1493.26,2847.07,1,9
8178,5819,2022-07-06,349.22,22308.19,0,0
8179,5047,2024-12-03,1143.76,11611.9,0,0
8180,5036,2020-01-08,267.27,33122.2,0,0
8181,5832,2024-04-03,239.25,26879.51,0,0
8182,5095,2023-06-29,336.93,38829.13,0,0
8183,5985,2023-03-23,1455.13,10191.69,1,29
8184,5361,2023-01-11,1423.12,19431.36,0,0
8185,5525,2024-01-23,452.11,20049.62,0,0
8186,5146,2023-12-12,410.17,9567.07,0,0
8187,5917,2021-02-11,512.7,23603.74,0,0
8188,5368,2020-05-29,870.21,17731.44,0,0
8189,5065,2020-09-11,940.62,17868.86,0,0
8190,5228,2022-03-13,488.07,14509.47,0,0
8191,5754,2020-09-26,1183.61,677.17,1,6
8192,5520,2022-10-19,602.42,20883.81,0,0
8193,5816,2023-05-18,1398.77,13409.91,1,31
8194,5853,2022-08-11,1053.74,52.79,0,0
8195,5555,2023-03-29,767.26,12317.75,0,0
8196,5756,2023-02-04,1226.89,11145.13,0,0
8197,5181,2023-10-17,1263.29,15737.93,0,0
8198,5501,2024-04-05,577.63,5274.08,0,0
8199,5597,2024-03-07,641.63,20307.35,0,0
8200,5155,2024-03-27,1416.74,27697.61,0,0
8201,5787,2022-05-04,414.16,25207.42,0,0
8202,5535,2024-08-05,254.8,32150.2,0,0
8203,5627,2024-10-15,790.27,18080.33,0,0
8204,5818,2022-09-04,1241.57,20763.67,0,0
8205,5435,2023-09-26,1203.17,32416.08,0,0
8206,5811,2021-11-22,1395.39,17108.05,0,0
8207,5099,2020-01-07,893.16,28063.97,0,0
8208,5616,2024-06-03,330.08,17384.09,0,0
8209,5372,2020-12-31,965.3,16709.45,0,0
8210,5563,2023-04-30,1211.91,30408.22,0,0
8211,5362,2020-07-19,321.33,6993.48,0,0
8212,5112,2020-05-12,424.45,13543.44,0,0
8213,5453,2024-07-18,215.98,8966.89,1,30
8214,5756,2022-07-16,971.75,14364.4,0,0
8215,5169,2024-06-10,1352.75,9214.99,1,30
8216,5584,2022-03-01,1071.86,23176.23,0,0
8217,5139,2022-07-02,1476.65,31926.83,1,23
8218,5848,2023-06-07,281.94,31464.52,0,0
8219,5231,2020-03-12,1373.9,14580.04,0,0
8220,5239,2021-09-02,1258.29,39550.42,0,0
8221,5984,2022-10-26,608.51,23754.17,0,0
8222,5253,2021-12-02,1465.58,15976.01,1,5
8223,5981,2023-10-21,574.32,33421.57,0,0
8224,5436,2024-05-30,1356.1,29194.96,1,2
8225,5919,2020-03-29,1344.97,29971.01,0,0
8226,5561,2022-11-16,1184.95,7845.57,0,0
8227,5422,2022-07-17,932.51,18732.97,0,0
8228,5303,2024-02-08,356.0,34473.13,1,29
8229,5072,2024-02-25,891.56,20161.52,0,0
8230,5263,2023-04-17,663.84,27338.11,0,0
8231,5834,2023-11-16,1229.88,23517.35,0,0
8232,5222,2023-07-29,1185.57,33694.27,0,0
8233,5077,2022-07-16,1383.8,11382.43,1,35
8234,5062,2023-07-07,219.28,23019.01,0,0
8235,5471,2020-10-14,1251.83,4929.39,0,0
8236,5157,2020-08-16,1420.0,27608.43,0,0
8237,5806,2022-11-05,1226.09,29278.71,0,0
8238,5125,2024-06-06,369.25,1713.49,0,0
8239,5741,2024-06-06,305.66,27031.64,0,0
8240,5852,2023-10-08,227.1,16587.61,0,0
8241,5161,2023-07-09,1017.37,4963.88,0,0
8242,5541,2020-07-28,1018.57,16796.3,0,0
8243,5626,2023-04-29,1482.99,7769.32,0,0
8244,5591,2022-10-12,717.46,16622.38,1,4
8245,5535,2024-08-06,631.48,15373.56,1,9
8246,5106,2024-11-09,1011.75,29535.67,0,0
8247,5131,2022-02-26,1273.29,30968.62,0,0
8248,5357,2020-05-24,1417.81,24281.15,0,0
8249,5989,2020-01-18,1244.06,907.47,0,0
8250,5685,2021-05-03,754.68,37240.89,0,0
8251,5776,2023-05-15,1025.39,27449.33,0,0
8252,5854,2024-11-01,1313.19,1367.82,0,0
8253,5885,2020-06-21,837.79,32753.32,0,0
8254,5797,2022-01-29,481.69,8010.65,1,46
8255,5002,2021-10-05,420.64,23168.85,0,0
8256,5233,2024-06-14,200.21,18665.37,0,0
8257,5369,2023-11-12,1133.71,16793.55,0,0
8258,5251,2024-10-13,344.43,35588.55,0,0
8259,5946,2022-08-07,516.99,17494.45,0,0
8260,5833,2021-09-02,587.24,3013.76,0,0
8261,5108,2021-03-19,928.49,37865.55,0,0
8262,5276,2022-11-18,717.34,36821.41,0,0
8263,5180,2020-09-25,1077.08,27377.31,0,0
8264,5725,2024-06-09,272.33,18715.7,0,0
8265,5293,2024-04-10,361.12,3714.38,1,28
8266,5584,2020-12-09,848.97,31629.92,0,0
8267,5795,2023-01-21,638.05,3019.12,0,0
8268,5175,2020-09-29,584.56,2744.04,0,0
8269,5123,2020-10-17,287.14,21495.35,0,0
8270,5227,2024-03-20,1364.43,6405.13,1,39
8271,5902,2023-01-05,1099.36,309.21,0,0
8272,5444,2021-02-05,358.1,16924.54,0,0
8273,5813,2021-02-12,284.56,5488.69,0,0
8274,5428,2024-08-05,1467.33,6420.62,0,0
8275,5083,2020-11-21,1085.52,3076.43,1,32
8276,5765,2023-01-08,742.69,8203.75,0,0
8277,5658,2023-08-29,1112.25,28619.37,0,0
8278,5632,2021-01-30,1183.23,32357.09,1,15
8279,5065,2023-07-18,1213.95,18101.35,0,0
8280,5281,2024-12-12,821.24,20262.15,0,0
8281,5795,2023-04-25,758.85,1306.2,0,0
8282,5391,2020-07-31,214.34,2772.65,0,0
8283,5428,2023-03-22,1404.52,10302.71,0,0
8284,5618,2024-07-14,984.3,21755.94,0,0
8285,5925,2022-03-25,464.1,29582.05,0,0
8286,5991,2024-05-04,1395.48,24200.12,1,54
8287,5812,2024-04-27,1389.41,15685.11,0,0
8288,5107,2022-07-08,1485.94,4732.96,0,0
8289,5548,2021-11-13,1336.27,31230.93,0,0
8290,5659,2024-05-09,1497.12,14551.44,1,49
8291,5262,2021-01-03,518.09,29442.16,0,0
8292,5921,2020-03-10,1294.92,20519.15,1,19
8293,5159,2024-11-29,1269.94,29546.48,0,0
8294,5265,2024-06-11,500.22,36291.58,1,8
8295,5468,2022-05-08,327.97,36841.18,0,0
8296,5202,2023-09-28,1473.25,21404.27,0,0
8297,5933,2024-01-08,584.83,20460.33,0,0
8298,5155,2022-04-20,1332.16,10627.14,0,0
8299,5013,2023-05-01,205.37,37431.99,0,0
8300,5297,2022-01-20,227.33,18316.77,0,0
8301,5896,2020-06-29,805.63,5103.65,0,0
8302,5834,2024-03-21,510.33,17308.2,1,50
8303,5498,2022-04-24,1096.79,5082.13,0,0
8304,5597,2020-01-27,935.23,20101.27,0,0
8305,5993,2022-09-28,300.73,22451.02,0,0
8306,5792,2020-02-02,411.42,13510.23,0,0
8307,5245,2022-10-30,704.46,2866.02,1,31
8308,5300,2024-12-02,441.29,37740.14,0,0
8309,5362,2023-12-28,1229.89,30934.12,0,0
8310,5354,2024-08-01,740.89,33555.24,0,0
8311,5828,2023-10-29,321.46,14674.74,1,40
8312,5521,2022-06-01,829.65,30433.24,1,14
8313,5386,2022-05-15,318.09,19414.92,0,0
8314,5759,2024-09-19,367.62,8043.34,0,0
8315,5312,2021-05-17,511.49,4976.94,0,0
8316,5414,2024-09-24,1317.39,13802.03,0,0
8317,5278,2024-01-22,1402.0,5502.08,0,0
8318,5750,2023-12-30,1274.14,39930.76,0,0
8319,5715,2024-09-05,634.3,1967.56,0,0
8320,5759,2023-01-26,554.18,17645.74,0,0
8321,5747,2022-07-21,913.9,18083.74,0,0
8322,5593,2020-03-29,1138.41,12025.28,0,0
8323,5356,2021-08-22,1491.38,22854.06,0,0
8324,5525,2022-10-01,371.04,5999.08,0,0
8325,5839,2024-08-24,264.08,31356.5,0,0
8326,5016,2020-07-13,1102.66,13297.91,0,0
8327,5993,2022-05-18,1281.89,23653.7,1,33
8328,5045,2022-10-11,1300.25,28625.57,0,0
8329,5321,2020-02-02,1082.0,35561.68,0,0
8330,5651,2023-04-01,1440.22,33431.5,1,2
8331,5326,2020-02-22,864.31,24332.36,0,0
8332,5148,2022-01-13,1387.96,15535.73,1,30
8333,5355,2024-10-19,1458.16,20128.19,0,0
8334,5236,2020-09-28,1301.3,30749.39,0,0
8335,5703,2021-09-16,602.69,35101.82,0,0
8336,5613,2024-02-10,455.08,4151.28,0,0
8337,5105,2022-10-29,912.56,15394.25,0,0
8338,5474,2022-10-02,788.92,31044.66,0,0
8339,5762,2023-04-16,1341.09,17266.07,1,57
8340,5396,2021-02-03,330.04,13289.11,0,0
8341,5446,2021-06-24,535.06,16452.91,0,0
8342,5606,2024-06-26,1177.34,24113.79,0,0
8343,5220,2022-06-17,323.48,39992.21,0,0
8344,5987,2024-02-05,616.99,19719.7,0,0
8345,5810,2021-03-24,703.3,8339.78,0,0
8346,5851,2020-11-16,1009.37,6513.86,0,0
8347,5965,2023-06-21,405.57,1693.99,0,0
8348,5442,2024-01-08,1318.79,22352.69,0,0
8349,5645,2021-10-15,781.8,21782.88,0,0
8350,5873,2022-12-25,1392.13,8209.36,0,0
8351,5667,2021-05-03,808.23,27813.18,0,0
8352,5028,2024-01-14,557.55,29644.28,0,0
8353,5794,2021-07-13,384.38,10363.93,0,0
8354,5475,2020-07-07,204.87,13763.99,0,0
8355,5628,2022-01-06,891.8,39618.87,0,0
8356,5305,2023-01-23,339.3,14970.58,0,0
8357,5746,2020-12-22,709.25,30432.07,0,0
8358,5405,2021-07-27,966.05,18109.02,0,0
8359,5513,2020-02-28,558.39,31733.79,0,0
8360,5502,2020-09-29,427.79,30760.93,1,20
8361,5348,2024-01-28,1207.14,26710.24,0,0
8362,5240,2023-06-18,1430.83,34191.13,0,0
8363,5570,2020-02-19,330.57,37568.74,0,0
8364,5847,2023-07-14,402.27,23199.33,1,24
8365,5695,2022-01-16,1448.02,9498.76,0,0
8366,5337,2021-11-16,249.12,15945.16,0,0
8367,5026,2024-12-12,1470.92,30332.23,0,0
8368,5980,2024-09-24,206.04,26035.34,0,0
8369,5409,2021-05-13,1335.77,7111.93,0,0
8370,5077,2021-03-06,599.52,2049.58,0,0
8371,5929,2024-04-28,1420.17,27318.46,0,0
8372,5217,2023-06-22,612.03,10043.16,1,56
8373,5328,2024-05-16,1050.6,19986.81,0,0
8374,5837,2021-09-01,304.04,29869.87,0,0
8375,5774,2020-10-12,515.03,22506.67,0,0
8376,5023,2023-10-01,1205.78,3332.1,0,0
8377,5756,2021-06-03,887.29,7423.21,1,26
8378,5670,2021-02-05,1406.36,8773.13,0,0
8379,5718,2022-03-13,757.38,10314.57,0,0
8380,5310,2021-03-08,1330.76,22616.14,1,41
8381,5599,2020-04-17,783.64,20158.63,0,0
8382,5267,2022-05-27,1473.02,8126.4,0,0
8383,5415,2023-06-22,1447.78,2702.19,0,0
8384,5646,2021-03-07,627.88,6857.29,1,22
8385,5267,2023-02-10,1351.7,39375.25,1,14
8386,5333,2023-01-01,1301.89,18741.88,0,0
8387,5780,2020-03-06,473.88,34693.82,0,0
8388,5450,2023-06-19,1011.58,33950.1,1,58
8389,5565,2022-11-29,294.49,20460.78,0,0
8390,5611,2023-03-18,1287.72,28267.51,1,40
8391,5247,2023-12-17,426.91,7710.08,0,0
8392,5036,2020-09-20,292.06,27535.87,0,0
8393,5401,2020-01-22,720.28,10895.38,0,0
8394,5028,2022-08-02,950.0,33282.48,0,0
8395,5220,2020-08-18,1311.39,3348.97,0,0
8396,5406,2021-08-25,1466.52,30925.55,1,7
8397,5614,2024-11-02,771.34,3997.48,0,0
8398,5775,2020-08-20,278.58,35247.57,1,4
8399,5271,2023-02-11,1173.85,12168.18,0,0
8400,5736,2021-03-02,934.73,26175.73,0,0
8401,5651,2023-07-03,782.26,19500.09,1,59
8402,5792,2021-11-05,602.05,14652.13,0,0
8403,5511,2021-05-09,853.12,25817.67,0,0
8404,5963,2022-03-05,640.28,37900.92,0,0
8405,5286,2023-01-24,1184.12,1650.79,0,0
8406,5454,2023-09-02,907.06,36754.11,0,0
8407,5762,2024-10-12,1339.9,24363.27,1,2
8408,5834,2021-10-17,906.61,32292.57,1,5
8409,5317,2022-06-27,509.74,15355.0,0,0
8410,5590,2024-06-08,1306.42,18873.72,0,0
8411,5297,2022-06-03,924.38,34754.03,0,0
8412,5338,2022-04-17,468.89,16593.92,0,0
8413,5307,2024-05-16,1010.56,21386.38,0,0
8414,5428,2021-09-24,665.03,807.8,1,37
8415,5351,2022-09-20,1297.73,6343.92,0,0
8416,5511,2024-03-09,789.29,25667.46,0,0
8417,5525,2022-12-17,1144.37,28679.08,1,45
8418,5858,2022-07-27,324.2,23304.04,0,0
8419,5492,2021-04-22,714.83,5732.4,1,14
8420,5908,2024-03-18,1478.21,17816.22,0,0
8421,5594,2021-02-05,1251.0,14203.79,0,0
8422,5009,2021-10-01,407.92,19826.45,1,32
8423,5497,2023-07-26,561.09,34813.16,0,0
8424,5725,2023-05-17,628.76,31034.46,1,22
8425,5560,2020-10-04,1045.48,3359.58,1,0
8426,5561,2020-05-28,1184.09,35612.37,0,0
8427,5821,2022-07-31,1174.38,18870.69,0,0
8428,5440,2024-12-11,862.84,29754.49,0,0
8429,5552,2020-06-11,1254.07,5601.57,1,60
8430,5875,2022-09-30,768.2,26828.78,0,0
8431,5792,2021-11-10,361.04,9453.04,0,0
8432,5738,2021-10-30,933.77,17535.24,0,0
8433,5968,2020-08-09,1437.99,674.51,0,0
8434,5108,2024-05-01,1230.89,6064.43,1,2
8435,5245,2024-01-01,952.31,3683.22,1,21
8436,5255,2022-09-29,1040.85,9589.77,1,34
8437,5033,2021-04-11,1409.73,4000.72,0,0
8438,5023,2022-01-10,756.85,27676.4,0,0
8439,5845,2022-02-10,630.81,1161.6,0,0
8440,5566,2024-01-17,1470.41,24709.62,0,0
8441,5821,2021-12-23,1322.48,5628.31,0,0
8442,5049,2020-12-19,619.96,37806.46,1,5
8443,5462,2020-06-11,802.91,37323.76,1,6
8444,5590,2024-07-15,739.6,9020.12,1,8
8445,5336,2020-01-25,393.82,24576.85,1,8
8446,5945,2023-09-08,1445.17,1120.21,1,34
8447,5358,2024-02-21,725.61,37271.54,0,0
8448,5122,2022-12-31,1337.93,20919.49,1,22
8449,5444,2021-12-12,446.16,1728.93,0,0
8450,5359,2021-05-11,912.23,13700.0,0,0
8451,5602,2021-03-06,231.15,3073.98,0,0
8452,5346,2021-12-03,1193.49,15717.78,0,0
8453,5193,2024-09-03,955.19,26797.05,0,0
8454,5416,2024-08-13,1013.27,18795.6,0,0
8455,5377,2022-12-26,267.24,15348.89,0,0
8456,5463,2021-12-21,474.35,4766.28,1,15
8457,5756,2021-05-27,296.63,9797.56,1,54
8458,5661,2024-02-07,575.59,4005.73,0,0
8459,5146,2024-10-19,1015.67,32299.95,0,0
8460,5478,2021-03-29,936.04,5409.59,0,0
8461,5828,2020-10-09,995.79,23814.93,0,0
8462,5890,2024-02-29,914.03,13709.62,0,0
8463,5653,2024-03-29,554.94,9039.14,1,45
8464,5408,2022-01-27,517.86,25578.74,0,0
8465,5286,2021-06-28,378.18,18280.09,0,0
8466,5898,2023-11-13,1303.79,16005.82,0,0
8467,5851,2024-08-14,1001.42,23714.08,0,0
8468,5111,2022-10-31,442.46,19650.71,0,0
8469,5620,2023-03-18,430.37,12139.37,0,0
8470,5879,2021-03-10,1334.95,22362.45,1,9
8471,5793,2021-01-10,1165.55,26779.94,0,0
8472,5050,2023-06-23,1057.22,1067.73,0,0
8473,5014,2021-02-27,728.92,18634.87,0,0
8474,5134,2023-01-28,540.57,2307.33,0,0
8475,5588,2023-09-16,1473.29,7456.22,0,0
8476,5596,2021-07-11,1236.41,22420.35,0,0
8477,5343,2022-03-12,592.31,34647.56,0,0
8478,5670,2020-03-30,1301.83,35312.23,0,0
8479,5286,2021-07-19,1186.61,2797.76,0,0
8480,5934,2024-10-28,586.2,16764.2,0,0
8481,5314,2023-09-13,754.52,23320.26,0,0
8482,5606,2024-07-13,441.74,5882.8,0,0
8483,5297,2023-08-27,344.37,30617.29,0,0
8484,5606,2022-03-03,1139.59,29769.41,0,0
8485,5569,2024-08-08,547.77,36133.64,0,0
8486,5164,2022-09-17,1266.08,339.44,0,0
8487,5832,2020-05-06,1494.29,8667.37,0,0
8488,5497,2023-11-23,299.61,33087.47,0,0
8489,5610,2020-10-02,814.95,26823.2,0,0
8490,5016,2024-09-23,1242.68,35775.59,1,4
8491,5344,2023-04-28,1225.64,2287.19,0,0
8492,5078,2020-07-03,1188.0,23878.56,1,48
8493,5346,2021-10-15,653.69,22761.86,1,26
8494,5072,2023-08-28,790.01,1426.98,1,36
8495,5270,2023-08-23,973.46,20540.88,0,0
8496,5287,2024-11-17,1466.12,24380.81,0,0
8497,5066,2024-02-26,625.81,7651.73,0,0
8498,5880,2023-06-24,1400.09,10933.18,0,0
8499,5068,2021-12-10,550.16,25613.89,0,0
8500,5193,2022-08-20,1485.8,18732.04,1,32
8501,5055,2023-03-28,1071.34,34320.55,0,0
8502,5980,2021-04-13,802.56,13695.27,0,0
8503,5379,2020-01-24,997.41,10666.39,0,0
8504,5974,2022-10-26,554.29,39394.64,0,0
8505,5168,2020-01-23,556.43,36445.43,0,0
8506,5409,2020-06-05,347.62,1159.71,0,0
8507,5508,2021-05-07,348.27,30829.14,0,0
8508,5537,2022-12-22,651.97,4413.39,0,0
8509,5643,2021-08-14,1191.71,1099.41,1,54
8510,5837,2022-03-29,990.36,10947.82,1,39
8511,5102,2023-04-19,333.36,10773.84,0,0
8512,5886,2023-11-08,1307.91,32772.75,1,0
8513,5794,2022-10-22,981.78,28426.69,0,0
8514,5808,2021-03-15,1449.11,39264.38,0,0
8515,5806,2023-02-13,1071.24,28460.52,0,0
8516,5422,2024-08-23,427.73,16730.22,0,0
8517,5964,2021-08-24,815.92,27957.11,0,0
8518,5775,2024-12-15,1043.05,39978.36,0,0
8519,5478,2022-05-06,236.74,28405.68,0,0
8520,5926,2021-07-23,219.38,30467.25,0,0
8521,5120,2021-01-16,368.22,37534.6,0,0
8522,5915,2023-07-23,527.16,4546.05,0,0
8523,5743,2024-11-15,758.41,28191.37,0,0
8524,5291,2020-07-20,833.67,34032.24,1,59
8525,5488,2020-12-22,379.44,38175.14,0,0
8526,5161,2021-08-15,1075.41,8438.77,0,0
8527,5673,2023-11-18,974.98,20157.16,0,0
8528,5078,2021-12-20,582.8,27222.19,0,0
8529,5038,2022-10-28,217.76,9898.71,0,0
8530,5394,2024-08-02,300.94,24018.91,0,0
8531,5441,2021-02-17,709.2,10303.15,0,0
8532,5540,2023-11-25,400.17,13338.28,0,0
8533,5462,2022-05-27,689.87,17660.75,0,0
8534,5612,2021-04-19,1016.64,21167.6,0,0
8535,5294,2020-04-14,911.41,17974.63,1,44
8536,5400,2020-06-11,500.53,19727.82,0,0
8537,5636,2024-10-30,646.97,11943.55,0,0
8538,5917,2021-09-07,998.24,6358.6,0,0
8539,5092,2023-11-14,1319.11,1894.0,1,59
8540,5767,2023-12-12,1179.18,7839.15,0,0
8541,5609,2020-04-06,919.42,23277.75,0,0
8542,5006,2023-10-10,670.98,31444.62,0,0
8543,5681,2023-01-20,674.57,6769.9,0,0
8544,5895,2022-01-28,1343.24,4342.21,1,35
8545,5271,2024-09-25,251.02,29971.61,0,0
8546,5620,2021-03-14,1484.38,12206.33,0,0
8547,5899,2024-08-17,1063.69,38059.98,1,28
8548,5811,2020-10-04,1085.48,28572.72,1,22
8549,5559,2021-09-30,249.4,13070.24,0,0
8550,5099,2022-05-31,987.19,11581.71,0,0
8551,5526,2022-11-23,830.21,20947.94,0,0
8552,5194,2024-05-27,337.51,3165.79,0,0
8553,5157,2023-07-16,561.3,4707.06,1,49
8554,5900,2022-01-11,1357.41,7034.32,0,0
8555,5666,2022-12-05,914.98,30988.94,0,0
8556,5115,2023-05-07,737.44,20554.29,0,0
8557,5396,2020-07-24,294.49,422.68,0,0
8558,5770,2021-07-14,1128.36,26940.66,0,0
8559,5657,2022-04-30,1113.71,16947.61,0,0
8560,5803,2024-06-27,998.26,20434.09,0,0
8561,5522,2024-08-02,863.34,8564.65,0,0
8562,5880,2022-06-08,763.92,22071.29,1,22
8563,5214,2024-02-09,971.25,39166.13,0,0
8564,5745,2020-06-25,503.41,2937.79,0,0
8565,5683,2020-03-09,1423.64,11356.7,0,0
8566,5533,2021-10-24,965.43,9719.9,0,0
8567,5015,2022-10-31,604.55,9941.97,0,0
8568,5419,2020-12-27,784.58,15148.25,0,0
8569,5368,2020-12-21,1247.39,32724.39,0,0
8570,5638,2024-01-22,410.1,36514.35,0,0
8571,5853,2022-08-22,580.69,8088.6,0,0
8572,5853,2020-02-11,1083.36,21718.0,0,0
8573,5213,2024-07-09,610.14,25475.96,1,1
8574,5700,2021-12-01,1230.25,20873.1,0,0
8575,5684,2023-12-29,369.59,17363.06,1,37
8576,5992,2022-09-11,1191.49,7679.02,1,21
8577,5759,2021-01-20,288.86,19528.77,0,0
8578,5005,2020-02-21,216.37,16048.59,0,0
8579,5231,2024-07-09,1367.69,31822.53,0,0
8580,5201,2020-07-06,955.74,30544.17,0,0
8581,5885,2023-08-12,657.37,5359.95,0,0
8582,5402,2022-09-27,502.37,3540.76,0,0
8583,5149,2020-08-04,1001.95,36326.16,0,0
8584,5584,2021-06-26,861.7,21420.34,0,0
8585,5492,2022-10-23,1489.08,34312.04,0,0
8586,5226,2024-05-07,1478.18,2326.04,0,0
8587,5586,2022-09-02,1025.53,21060.62,0,0
8588,5819,2024-08-17,775.73,21577.06,0,0
8589,5169,2021-06-05,838.48,34428.08,0,0
8590,5761,2020-09-29,1087.22,3904.4,0,0
8591,5792,2022-04-13,332.05,9617.82,0,0
8592,6000,2023-08-02,626.86,16261.53,0,0
8593,5152,2021-04-13,297.85,34633.66,0,0
8594,5224,2024-09-14,295.37,37555.33,0,0
8595,5504,2021-09-25,454.59,39708.98,1,20
8596,5737,2021-02-21,830.83,38367.74,1,28
8597,5550,2021-01-14,1220.21,237.67,0,0
8598,5044,2024-03-08,831.14,1908.33,0,0
8599,5697,2023-11-01,636.12,5904.27,0,0
8600,5504,2023-05-16,307.06,13954.48,0,0
8601,5955,2023-01-26,915.38,33196.72,0,0
8602,5241,2024-08-21,552.65,35706.25,0,0
8603,5930,2021-06-24,999.41,7473.38,0,0
8604,5843,2020-04-03,1470.34,24786.57,0,0
8605,5351,2020-05-15,344.71,36694.48,0,0
8606,5722,2022-02-07,475.76,18549.27,0,0
8607,5023,2021-02-13,815.02,4141.74,0,0
8608,5636,2023-07-06,1459.2,18312.55,0,0
8609,5598,2024-04-07,1203.35,15031.8,0,0
8610,5043,2021-10-15,1367.7,23106.32,0,0
8611,5466,2022-12-19,633.83,17546.35,0,0
8612,5040,2024-02-07,1489.65,693.84,0,0
8613,5303,2022-10-03,333.68,39759.91,0,0
8614,5681,2021-10-16,268.86,21741.61,0,0
8615,5175,2023-12-29,1312.28,18945.23,0,0
8616,5999,2020-02-05,1405.44,38184.69,0,0
8617,5532,2021-08-20,317.76,6234.41,0,0
8618,5461,2022-05-25,347.46,7569.5,0,0
8619,5621,2024-07-23,243.13,32320.59,0,0
8620,5193,2023-03-25,335.86,10433.24,0,0
8621,5244,2024-04-08,472.25,31969.08,0,0
8622,5836,2020-02-27,1461.1,10861.34,0,0
8623,5280,2021-01-16,1068.22,1327.51,0,0
8624,5740,2022-11-01,1212.12,20680.59,0,0
8625,5036,2024-05-30,1208.98,7867.46,0,0
8626,5557,2021-02-06,895.6,30313.85,0,0
8627,5898,2021-11-17,1236.74,25647.99,1,11
8628,5540,2021-03-16,974.55,36944.11,0,0
8629,5154,2021-09-17,608.91,31319.53,0,0
8630,5023,2023-02-13,929.44,7231.04,0,0
8631,5719,2021-03-20,893.56,32006.33,0,0
8632,5932,2020-06-16,1270.49,25669.48,0,0
8633,5091,2021-12-09,1476.25,26758.07,0,0
8634,5390,2021-02-14,734.36,33290.52,0,0
8635,5931,2024-07-25,1192.41,22952.96,0,0
8636,5359,2023-12-03,329.69,18640.14,1,40
8637,5550,2020-08-30,1209.88,25465.64,0,0
8638,5931,2023-06-28,682.84,11918.3,0,0
8639,5228,2022-05-09,251.21,7303.89,0,0
8640,5202,2022-02-02,672.22,24663.51,0,0
8641,5350,2022-07-11,993.84,9353.93,0,0
8642,5821,2021-10-22,355.03,3196.6,0,0
8643,5766,2024-09-15,1401.24,22.17,0,0
8644,5038,2023-04-14,300.97,24332.78,0,0
8645,5733,2022-10-22,1409.01,14485.95,0,0
8646,5500,2023-08-29,1119.28,30092.44,0,0
8647,5699,2021-03-28,628.63,15007.06,0,0
8648,5043,2024-02-03,707.98,19440.14,0,0
8649,5871,2020-07-27,1163.05,16283.4,0,0
8650,5626,2021-06-30,981.91,26022.99,0,0
8651,5772,2022-11-29,1073.14,14245.57,0,0
8652,5517,2020-02-14,705.91,38550.71,0,0
8653,5068,2021-01-13,834.16,37445.88,1,15
8654,5740,2023-10-16,1486.83,33921.12,0,0
8655,5123,2022-10-02,478.1,36812.01,0,0
8656,5685,2024-07-19,743.21,17965.59,0,0
8657,5336,2020-02-14,579.37,21457.22,1,58
8658,5153,2023-06-26,1194.64,29683.7,0,0
8659,5974,2023-01-14,1193.22,27845.84,0,0
8660,5779,2021-01-10,580.18,35627.14,1,11
8661,5669,2022-03-13,305.81,28653.24,1,36
8662,5162,2024-06-20,214.86,39915.39,0,0
8663,5214,2021-05-23,755.69,13940.23,1,51
8664,5910,2022-12-03,733.44,33319.91,0,0
8665,5376,2021-05-27,1484.91,27905.39,0,0
8666,5920,2023-10-23,810.74,27655.46,0,0
8667,5443,2023-03-30,533.34,13033.42,1,20
8668,5423,2024-04-19,1358.6,31424.07,0,0
8669,5538,2023-11-04,838.39,36015.04,0,0
8670,5939,2022-12-24,978.93,8741.94,1,11
8671,5804,2021-12-22,324.37,25019.87,0,0
8672,5935,2023-11-24,697.79,15685.39,0,0
8673,5701,2020-07-22,1427.49,39581.92,0,0
8674,5912,2022-01-24,966.36,19153.31,0,0
8675,5634,2023-09-17,647.85,9132.81,0,0
8676,5230,2021-08-02,1013.37,15274.31,1,22
8677,5059,2024-01-10,1383.53,26153.54,0,0
8678,5096,2023-04-14,556.19,3043.57,0,0
8679,5262,2022-05-15,856.65,24144.08,0,0
8680,5354,2020-08-10,1446.3,37248.99,0,0
8681,5312,2022-09-02,424.11,34014.51,0,0
8682,5136,2021-09-10,1135.56,2706.94,0,0
8683,5862,2021-02-03,998.83,39735.6,0,0
8684,5795,2021-05-12,1083.58,27949.08,1,21
8685,5967,2022-01-08,656.59,6491.23,0,0
8686,5923,2020-07-01,608.04,496.64,0,0
8687,5473,2024-05-18,1089.47,6851.31,1,53
8688,5632,2024-01-01,480.21,33527.04,0,0
8689,5430,2022-03-12,745.55,865.57,0,0
8690,5937,2020-10-21,444.63,9325.89,1,25
8691,5975,2022-02-02,210.8,30292.22,0,0
8692,5537,2023-04-20,1461.07,23444.42,0,0
8693,5854,2020-02-25,761.21,31309.43,0,0
8694,5146,2022-04-29,1460.15,29846.02,0,0
8695,5524,2021-11-09,382.42,2024.06,0,0
8696,5087,2021-07-16,963.58,35700.46,0,0
8697,5947,2023-05-06,461.27,9081.27,0,0
8698,5109,2020-11-21,1227.1,22135.7,0,0
8699,5423,2024-10-10,1218.81,25771.53,0,0
8700,5345,2021-04-19,346.39,6745.13,0,0
8701,5266,2022-02-07,1385.68,39049.25,0,0
8702,5734,2021-12-20,453.02,19526.24,0,0
8703,5586,2021-04-30,996.87,2305.71,0,0
8704,5994,2022-05-26,1481.32,37490.48,0,0
8705,5494,2021-12-19,1347.12,23450.71,0,0
8706,5333,2024-02-26,1443.53,27967.73,0,0
8707,5822,2020-01-09,645.38,21007.03,0,0
8708,5413,2021-02-11,337.25,33389.52,1,56
8709,5614,2023-12-06,444.85,1325.34,0,0
8710,5937,2022-04-10,850.64,10735.13,0,0
8711,5649,2023-12-01,1231.2,18785.93,0,0
8712,5191,2023-04-17,395.2,3064.14,0,0
8713,5973,2020-06-20,1057.65,28236.27,0,0
8714,5933,2024-05-10,620.65,15746.54,0,0
8715,5142,2020-05-21,643.56,10906.72,1,43
8716,5869,2022-04-05,1060.49,135.15,0,0
8717,5073,2022-01-16,807.1,28793.21,0,0
8718,5840,2021-03-10,1255.64,33352.37,1,40
8719,5167,2022-06-27,402.69,15801.62,0,0
8720,5168,2024-12-22,1226.93,22568.72,0,0
8721,5566,2024-07-20,283.51,9107.47,1,24
8722,5259,2023-01-20,452.27,24887.91,0,0
8723,5439,2020-07-31,1052.99,485.5,0,0
8724,5111,2021-01-12,1311.4,19545.76,1,34
8725,5744,2024-12-20,528.48,25768.22,0,0
8726,5673,2021-10-05,625.35,36727.67,1,7
8727,5864,2022-01-23,898.26,15253.43,0,0
8728,5839,2023-01-31,475.04,30607.61,0,0
8729,5531,2024-02-27,1254.5,23907.48,0,0
8730,5290,2022-10-03,1205.73,37080.48,0,0
8731,5974,2024-07-03,388.88,15935.11,0,0
8732,5562,2021-09-29,802.98,12763.81,0,0
8733,5510,2022-05-12,1207.28,35485.68,0,0
8734,5175,2024-11-25,638.53,1969.78,0,0
8735,5302,2024-05-18,1023.04,5455.42,0,0
8736,5696,2024-11-28,265.28,3296.18,0,0
8737,5185,2020-08-02,991.3,33724.4,0,0
8738,5339,2023-01-20,398.45,424.3,0,0
8739,5510,2021-03-29,1279.76,34466.29,1,13
8740,5819,2024-04-06,662.08,18050.71,0,0
8741,5310,2020-04-24,566.02,161.01,0,0
8742,5507,2020-02-05,1293.16,16065.81,1,32
8743,5346,2024-04-10,265.19,7472.03,0,0
8744,5081,2021-10-23,715.59,24976.02,0,0
8745,5374,2023-09-13,681.0,27174.35,0,0
8746,5156,2022-12-28,570.24,19501.1,1,17
8747,5787,2020-09-15,1385.28,1620.78,0,0
8748,5795,2024-05-27,1176.21,26245.15,1,34
8749,5432,2024-08-09,283.1,33681.55,1,39
8750,5500,2020-07-11,1129.09,28812.97,0,0
8751,5761,2023-06-27,885.49,33198.32,0,0
8752,5147,2020-06-28,1371.13,8020.38,0,0
8753,5481,2024-05-03,606.83,35555.52,0,0
8754,5435,2022-09-22,946.41,12887.74,0,0
8755,5519,2024-05-09,850.98,536.19,1,43
8756,5669,2024-03-19,836.43,33735.67,0,0
8757,5683,2024-06-29,792.94,37672.85,0,0
8758,5069,2024-03-30,467.32,26222.33,0,0
8759,5606,2021-05-11,1182.42,9257.47,0,0
8760,5881,2023-06-24,786.74,10069.78,0,0
8761,5875,2020-08-12,1446.07,18663.71,0,0
8762,5888,2023-11-04,539.05,35913.24,0,0
8763,5186,2022-11-30,1087.57,5983.91,0,0
8764,5904,2021-09-20,1422.93,33038.95,1,24
8765,5682,2020-11-30,1062.5,11652.11,0,0
8766,5204,2023-10-29,1332.65,32343.45,0,0
8767,5554,2021-02-27,1275.73,36810.85,0,0
8768,5013,2021-07-14,668.15,17099.75,0,0
8769,5666,2020-01-05,980.16,14602.03,0,0
8770,5274,2022-10-28,403.14,32088.85,0,0
8771,5298,2022-08-29,896.18,21179.32,1,28
8772,5051,2023-07-23,499.55,27377.96,0,0
8773,5500,2020-07-02,1166.86,24913.17,0,0
8774,5369,2021-12-25,886.48,6115.55,0,0
8775,5724,2022-09-01,734.6,33791.61,1,9
8776,5656,2021-10-06,549.44,7831.0,0,0
8777,5357,2022-08-26,1498.31,37291.29,0,0
8778,5003,2021-07-29,293.22,10022.85,0,0
8779,5254,2022-04-14,256.63,29355.24,1,41
8780,5475,2024-12-06,482.43,11386.22,1,40
8781,5847,2024-06-13,1462.39,12711.42,0,0
8782,5506,2023-08-30,1473.01,12400.07,0,0
8783,5256,2022-12-14,1051.41,29915.69,0,0
8784,5610,2020-08-01,1344.14,22272.6,1,31
8785,5685,2021-04-13,478.15,35318.1,1,13
8786,5150,2023-05-31,1463.65,12294.91,1,57
8787,5488,2024-03-01,385.62,27679.7,1,3
8788,5279,2024-07-23,331.46,30117.94,1,28
8789,5059,2022-06-20,345.88,6059.28,0,0
8790,5446,2024-11-01,945.07,16023.57,1,43
8791,5113,2024-05-14,1215.27,19312.7,0,0
8792,5836,2022-01-30,676.67,14227.5,1,42
8793,5755,2024-02-22,1471.26,12884.5,0,0
8794,5822,2021-07-10,764.75,27456.8,0,0
8795,5569,2021-02-14,395.58,8634.66,0,0
8796,5489,2021-09-26,805.76,28375.63,0,0
8797,5407,2023-10-03,1082.75,37401.77,0,0
8798,5367,2021-11-10,1281.89,22607.9,0,0
8799,5060,2020-11-26,796.4,24457.37,0,0
8800,5329,2020-06-21,971.69,2757.31,0,0
8801,5728,2020-06-04,547.55,34579.08,0,0
8802,5469,2023-08-02,1039.69,11417.91,0,0
8803,5745,2022-03-29,1481.76,24602.05,1,57
8804,5567,2023-01-03,263.77,39164.49,0,0
8805,5885,2022-11-26,1352.49,23820.1,0,0
8806,5720,2021-03-01,930.97,28988.38,0,0
8807,5063,2023-01-17,527.73,17812.78,0,0
8808,5184,2024-07-19,1441.36,2414.63,0,0
8809,5311,2024-03-16,828.36,31903.97,0,0
8810,5793,2024-06-07,631.2,1399.95,0,0
8811,5538,2022-01-21,435.95,28026.31,0,0
8812,5177,2021-08-06,517.79,916.86,0,0
8813,5575,2024-08-16,1282.7,34492.21,0,0
8814,5429,2020-11-16,998.73,6305.44,0,0
8815,5073,2022-11-21,1387.22,20570.86,1,45
8816,5847,2023-10-13,501.56,23886.03,0,0
8817,5167,2020-02-09,357.48,18301.82,0,0
8818,5225,2024-02-23,207.91,13630.54,0,0
8819,5577,2021-09-08,860.22,18712.57,0,0
8820,5581,2023-08-04,1497.8,12456.63,0,0
8821,5952,2021-08-08,1103.45,17524.89,0,0
8822,5009,2022-11-02,600.91,14356.52,0,0
8823,5236,2024-04-01,1339.92,22648.19,0,0
8824,5710,2021-03-11,1216.24,9516.97,0,0
8825,5924,2022-12-02,220.04,39546.26,0,0
8826,5685,2021-04-30,1261.92,20034.8,0,0
8827,5794,2023-03-18,590.68,7766.48,1,12
8828,5028,2022-01-12,394.58,19082.67,0,0
8829,5808,2023-05-12,494.23,34656.61,0,0
8830,5911,2024-06-07,809.15,872.27,0,0
8831,5646,2024-10-04,752.33,27182.16,0,0
8832,5027,2024-10-20,575.55,21918.71,0,0
8833,5550,2024-10-17,423.88,6782.32,0,0
8834,5196,2023-10-25,1190.9,32699.06,1,47
8835,5203,2021-01-05,1487.14,14755.38,0,0
8836,5085,2023-02-05,1211.13,11752.08,0,0
8837,5832,2024-05-11,584.72,33125.01,0,0
8838,5030,2020-07-22,518.25,25541.0,1,42
8839,5466,2022-08-08,482.97,35930.36,0,0
8840,5099,2023-05-04,377.7,25195.35,0,0
8841,5899,2024-09-20,916.73,29632.71,0,0
8842,5190,2022-12-09,987.02,33457.84,0,0
8843,5012,2021-02-27,1117.15,2189.59,0,0
8844,5603,2022-04-22,1084.28,31041.96,1,58
8845,5030,2024-02-02,580.03,24548.26,0,0
8846,5725,2021-04-10,629.4,2780.31,0,0
8847,5038,2023-12-12,1085.97,20343.12,1,55
8848,5853,2021-04-06,654.28,3298.32,0,0
8849,5572,2023-09-13,476.41,29437.89,0,0
8850,5294,2022-03-21,686.64,21860.07,0,0
8851,5360,2024-12-13,553.71,38142.94,0,0
8852,5655,2020-07-09,314.81,7325.41,0,0
8853,5914,2024-07-23,1279.18,24241.34,0,0
8854,5180,2023-03-15,1309.04,8463.29,1,56
8855,5797,2021-09-28,485.68,24562.6,1,41
8856,5112,2024-05-25,284.2,28905.99,0,0
8857,5742,2021-11-21,1160.48,28892.17,0,0
8858,5444,2023-01-07,474.99,32602.96,0,0
8859,5021,2022-12-15,711.47,34142.01,0,0
8860,5145,2024-10-23,283.38,3090.87,0,0
8861,5499,2023-04-19,494.15,13730.69,0,0
8862,5146,2020-11-21,1230.77,27484.9,0,0
8863,5441,2023-04-21,1245.72,19943.45,1,19
8864,5887,2023-07-15,469.21,7627.04,0,0
8865,5421,2020-10-04,636.69,22108.38,0,0
8866,5316,2023-08-18,374.51,16297.43,0,0
8867,5166,2024-07-16,296.42,15601.53,0,0
8868,5652,2022-04-07,1489.82,32390.15,1,7
8869,5203,2023-04-07,1052.27,16303.93,1,55
8870,5496,2021-07-23,904.73,1058.18,0,0
8871,5756,2022-06-27,1195.15,2322.53,0,0
8872,5625,2023-07-24,1292.1,34249.76,0,0
8873,5468,2020-03-15,1248.73,38424.03,0,0
8874,5713,2024-04-26,221.5,27536.37,0,0
8875,5385,2022-08-14,442.85,14574.73,0,0
8876,5314,2021-12-24,1051.38,37544.01,0,0
8877,5771,2024-02-01,688.49,26512.12,0,0
8878,5255,2022-12-03,1477.23,33773.34,0,0
8879,5959,2021-10-12,1065.03,30634.09,0,0
8880,5917,2020-08-02,1443.51,15165.57,0,0
8881,5023,2021-11-22,461.88,19148.09,0,0
8882,5905,2024-12-15,1323.14,7445.29,0,0
8883,5758,2022-07-06,617.76,11680.56,0,0
8884,5339,2024-08-09,1486.43,31125.03,0,0
8885,5493,2022-02-12,405.0,35759.14,1,50
8886,5823,2020-05-30,871.24,28978.42,1,8
8887,5511,2023-12-20,1230.7,18606.95,1,23
8888,5366,2020-12-27,762.44,3460.37,0,0
8889,5372,2022-07-16,808.51,2277.92,0,0
8890,5915,2023-04-15,1482.26,14973.02,0,0
8891,5830,2020-03-27,752.9,18552.87,0,0
8892,5599,2021-02-25,985.29,24364.82,0,0
8893,5219,2021-08-29,270.9,259.58,0,0
8894,5475,2024-06-22,1294.87,39588.92,0,0
8895,5423,2024-11-10,1042.62,14557.56,0,0
8896,5356,2024-07-30,725.23,33923.79,1,34
8897,5460,2022-12-18,221.02,21398.67,0,0
8898,5503,2022-05-13,969.17,5217.58,1,41
8899,5027,2024-12-01,216.46,31902.62,0,0
8900,5942,2022-02-15,201.56,28393.08,0,0
8901,5802,2024-11-09,1000.93,21097.44,0,0
8902,5801,2021-10-23,445.72,20582.12,0,0
8903,5860,2021-06-03,449.45,3499.18,0,0
8904,5223,2023-10-15,1049.25,26233.96,0,0
8905,5864,2020-12-13,269.81,36449.81,0,0
8906,5690,2024-12-03,607.43,3729.8,0,0
8907,5148,2024-11-06,394.26,10540.46,0,0
8908,5424,2024-03-28,954.23,36092.32,0,0
8909,5739,2024-01-04,1060.29,11373.76,0,0
8910,5351,2020-08-09,1137.48,26157.75,1,1
8911,5186,2021-06-20,531.8,21392.73,0,0
8912,5415,2023-09-08,316.02,23853.1,0,0
8913,5806,2021-04-11,302.29,16631.56,0,0
8914,5982,2024-06-18,754.0,11999.66,1,48
8915,5429,2020-01-24,1429.6,1941.34,0,0
8916,5041,2020-05-07,483.05,29771.24,0,0
8917,5905,2023-02-27,533.76,29843.74,0,0
8918,5393,2022-07-03,331.16,26829.03,0,0
8919,5703,2022-06-23,987.24,25745.35,0,0
8920,5079,2024-09-06,1083.83,9748.69,0,0
8921,5717,2024-10-17,1035.81,893.8,1,35
8922,5896,2020-08-11,1319.47,32348.62,0,0
8923,5790,2024-03-10,832.35,19645.54,1,52
8924,5784,2020-03-28,374.79,12273.53,1,51
8925,5544,2023-03-01,576.23,4077.28,0,0
8926,5450,2022-06-09,1061.16,2508.86,0,0
8927,5474,2021-07-13,997.06,13954.67,0,0
8928,5142,2023-08-17,890.3,32189.48,1,46
8929,5251,2024-06-20,1087.85,36748.95,0,0
8930,5294,2021-10-13,1028.61,35870.05,0,0
8931,5610,2024-03-28,1345.72,36800.03,0,0
8932,5136,2020-08-30,961.82,36309.01,1,36
8933,5484,2024-01-17,1212.18,21088.99,0,0
8934,5789,2023-06-01,523.32,8776.63,0,0
8935,5312,2024-05-07,1081.64,31921.86,0,0
8936,5814,2021-03-26,1372.85,8548.52,0,0
8937,5555,2020-03-11,701.45,10688.29,0,0
8938,5632,2024-08-25,1212.84,9330.17,1,37
8939,5732,2023-09-21,1142.23,20599.3,0,0
8940,5046,2020-07-07,277.38,12873.1,0,0
8941,5236,2021-05-20,955.96,6166.24,0,0
8942,5048,2021-07-04,369.25,18126.94,0,0
8943,5198,2024-01-24,1457.51,34956.29,0,0
8944,5084,2021-02-06,1254.83,22822.11,0,0
8945,5543,2022-07-28,342.64,35133.42,0,0
8946,5161,2024-06-14,358.28,7834.89,0,0
8947,5428,2023-10-02,972.82,6678.95,0,0
8948,5071,2021-12-18,648.36,23023.09,0,0
8949,5520,2020-08-11,245.38,18533.16,0,0
8950,5969,2021-03-15,904.13,26406.91,0,0
8951,5898,2023-05-31,704.2,31785.07,0,0
8952,5913,2021-05-16,331.4,30052.29,0,0
8953,5052,2023-04-30,1242.5,37690.45,0,0
8954,5045,2024-08-31,1389.6,15930.26,0,0
8955,5293,2024-07-14,1183.57,8255.47,0,0
8956,5938,2022-05-13,1269.15,22036.51,1,1
8957,5812,2020-05-09,481.44,4429.72,0,0
8958,5465,2023-08-09,542.64,11554.04,0,0
8959,5885,2024-06-23,471.09,8315.52,0,0
8960,5550,2022-03-08,1194.58,15862.55,0,0
8961,5867,2021-04-20,1432.29,4448.66,0,0
8962,5380,2023-01-14,1131.89,1273.67,0,0
8963,5743,2020-10-09,1345.91,26271.76,0,0
8964,5478,2023-11-28,1030.31,24409.96,0,0
8965,5262,2022-08-28,703.96,28334.36,0,0
8966,5580,2022-08-07,753.49,26415.46,0,0
8967,5179,2021-02-11,297.92,4571.79,0,0
8968,5357,2021-05-13,240.89,11643.16,1,39
8969,5419,2022-08-15,1104.12,5181.06,0,0
8970,5698,2021-11-25,769.96,33718.9,0,0
8971,5953,2023-10-12,917.88,29876.15,0,0
8972,5201,2023-08-11,924.96,8061.08,0,0
8973,5902,2024-10-04,560.59,13652.37,0,0
8974,5013,2023-11-01,818.66,38664.6,0,0
8975,5443,2020-11-09,811.99,23766.37,0,0
8976,5726,2022-01-08,704.96,32046.22,0,0
8977,5732,2023-06-13,1266.88,10583.64,0,0
8978,5286,2020-05-06,786.51,8402.12,0,0
8979,5756,2021-08-11,984.74,31356.68,1,37
8980,5868,2021-05-03,1364.18,27434.9,0,0
8981,5258,2021-04-01,1326.1,27239.12,1,41
8982,5570,2022-01-12,1357.55,22105.38,0,0
8983,5548,2022-09-18,551.01,22543.13,1,7
8984,5840,2021-10-02,245.48,29427.9,0,0
8985,5941,2020-02-02,539.39,10800.1,0,0
8986,5490,2021-02-06,562.32,14110.74,0,0
8987,5498,2023-07-25,1382.17,34865.47,0,0
8988,5905,2021-05-09,1044.02,12354.61,0,0
8989,5894,2023-02-22,306.22,21852.38,0,0
8990,5705,2024-12-21,375.99,28105.58,1,22
8991,5333,2023-03-16,402.38,39996.99,0,0
8992,5562,2024-05-02,1019.55,17411.65,0,0
8993,5975,2024-04-07,1156.04,17123.72,0,0
8994,5032,2024-07-23,1317.54,33703.54,0,0
8995,5610,2021-11-09,1422.83,32220.12,0,0
8996,5043,2024-01-09,462.22,29243.04,0,0
8997,5893,2024-03-05,602.7,18529.19,1,20
8998,5351,2020-05-16,512.42,12957.56,0,0
8999,5334,2024-10-12,666.39,24349.22,0,0
9000,5822,2021-02-14,1389.06,35048.93,0,0
9001,5559,2022-03-12,947.65,35351.1,1,58
9002,5270,2022-12-02,1159.65,4339.93,0,0
9003,5944,2021-01-21,837.16,17134.01,1,48
9004,5823,2021-09-06,237.52,18588.88,0,0
9005,5413,2023-09-05,283.45,39104.61,0,0
9006,5943,2022-11-03,899.3,27119.92,0,0
9007,5575,2022-07-09,1134.43,16289.86,0,0
9008,5019,2022-04-01,479.93,1042.32,0,0
9009,5347,2024-07-06,1138.48,22615.41,0,0
9010,5905,2022-03-12,1253.87,3843.04,0,0
9011,5613,2022-06-01,735.47,33378.0,1,36
9012,5037,2020-01-20,1170.35,30100.75,1,43
9013,5619,2022-01-25,725.24,18420.37,1,13
9014,5092,2021-10-14,1081.86,17168.43,1,59
9015,5820,2024-12-12,1193.2,35893.56,0,0
9016,5185,2020-03-09,1489.5,11538.33,0,0
9017,5728,2021-10-23,649.02,9960.8,1,0
9018,5028,2022-02-02,734.35,37567.9,0,0
9019,5548,2022-05-20,415.31,32369.83,0,0
9020,5372,2023-05-01,465.29,32825.02,0,0
9021,5832,2024-04-09,1101.41,7807.75,0,0
9022,5530,2020-04-06,1392.16,5731.84,0,0
9023,5345,2021-12-19,712.99,1041.18,0,0
9024,5419,2021-12-12,433.8,9481.66,0,0
9025,5196,2023-12-11,570.63,30967.62,1,40
9026,5078,2021-01-12,791.57,9601.54,0,0
9027,5167,2024-09-27,577.85,29164.13,0,0
9028,5090,2024-12-28,503.65,10076.33,0,0
9029,5264,2024-09-22,1156.78,15811.7,1,53
9030,5472,2020-03-22,210.2,39326.49,0,0
9031,5208,2024-07-29,901.0,9792.47,0,0
9032,5724,2023-10-22,1231.9,15054.83,1,18
9033,5271,2024-12-04,546.1,12043.49,0,0
9034,5263,2022-09-05,984.28,4385.0,1,1
9035,5506,2020-05-17,1069.57,19595.77,0,0
9036,5785,2024-09-15,1051.53,15147.63,0,0
9037,5512,2020-01-14,779.6,27795.48,0,0
9038,5854,2023-12-01,650.55,32703.78,0,0
9039,5726,2023-11-25,1286.7,21769.99,0,0
9040,5886,2023-04-22,1185.98,1287.86,1,56
9041,5576,2023-02-25,617.63,24756.89,1,42
9042,5524,2021-06-23,333.92,2215.63,1,18
9043,5722,2021-04-09,293.35,24654.25,0,0
9044,5312,2024-07-16,322.56,27401.2,1,17
9045,5174,2020-10-01,957.73,7910.71,0,0
9046,5431,2024-11-24,267.16,32773.85,1,49
9047,5768,2020-06-08,638.0,36443.41,0,0
9048,5463,2021-06-15,1179.16,32523.48,0,0
9049,5101,2023-02-16,582.65,12204.37,1,20
9050,5016,2021-04-18,1192.3,23465.72,1,34
9051,5709,2023-04-29,1169.11,36592.61,0,0
9052,5258,2024-01-16,519.58,12826.59,0,0
9053,5896,2021-07-23,1147.47,32801.11,0,0
9054,5244,2023-02-06,1172.11,379.01,0,0
9055,5348,2022-01-08,716.69,145.87,0,0
9056,5249,2023-03-01,473.55,30388.47,0,0
9057,5105,2024-03-18,877.65,30457.9,0,0
9058,5694,2023-02-02,1397.82,31559.09,0,0
9059,5667,2022-09-05,1031.5,37201.07,0,0
9060,5287,2020-11-22,424.8,4716.25,0,0
9061,5169,2021-03-25,1087.58,9279.4,0,0
9062,5420,2020-09-13,755.36,36149.0,0,0
9063,5047,2020-08-27,968.99,7089.45,0,0
9064,5043,2024-03-05,1154.28,27289.17,0,0
9065,5321,2022-07-15,869.43,21218.52,0,0
9066,5818,2020-08-11,1258.18,3327.75,0,0
9067,5221,2024-01-02,1138.8,11410.55,0,0
9068,5513,2020-06-12,999.6,20814.89,0,0
9069,5712,2023-04-23,396.03,34094.0,1,51
9070,5441,2021-07-28,1286.73,28301.54,0,0
9071,5144,2022-07-09,1416.68,24875.33,0,0
9072,5890,2021-03-25,378.05,19841.32,0,0
9073,5028,2022-06-03,834.71,11947.36,0,0
9074,5854,2021-09-02,536.56,4769.8,1,6
9075,5850,2024-05-22,1180.88,16363.04,0,0
9076,5790,2023-12-26,1138.12,1140.74,0,0
9077,5553,2020-06-20,383.15,8442.24,0,0
9078,5844,2024-05-21,1340.14,17299.34,0,0
9079,5659,2020-06-06,435.26,16744.21,0,0
9080,5857,2024-10-03,1236.44,1771.82,1,13
9081,5690,2021-10-18,794.07,23562.41,1,14
9082,5827,2021-07-13,626.75,21987.37,0,0
9083,5837,2023-06-29,405.71,3124.17,1,30
9084,5930,2023-02-23,417.9,37726.52,0,0
9085,5167,2022-01-11,1060.46,3975.31,1,56
9086,5635,2020-06-04,915.56,34193.37,1,51
9087,5586,2023-07-21,358.71,12.39,0,0
9088,5751,2023-05-24,346.51,35291.24,0,0
9089,5249,2021-11-25,294.0,788.79,0,0
9090,5775,2020-03-08,1166.9,30312.48,0,0
9091,5764,2021-07-04,1125.45,14467.63,0,0
9092,5357,2022-01-19,275.96,29528.67,1,35
9093,5111,2022-06-02,928.35,16069.81,1,39
9094,5692,2020-08-13,310.08,2836.32,0,0
9095,5700,2024-11-14,1374.87,30700.27,1,54
9096,5820,2020-06-12,1379.25,2850.11,1,2
9097,5719,2022-05-22,1107.7,36884.82,0,0
9098,5234,2022-11-03,1404.05,2038.96,0,0
9099,5024,2021-05-17,1254.89,19173.01,0,0
9100,5026,2022-10-25,1277.1,28921.38,0,0
9101,5381,2021-12-12,940.62,15729.86,0,0
9102,5730,2020-01-19,597.88,8689.34,0,0
9103,5346,2020-02-04,483.14,30363.64,1,8
9104,5378,2021-06-06,625.36,31371.79,1,6
9105,5522,2021-07-15,1017.04,36907.8,0,0
9106,5017,2022-06-16,424.45,15046.6,1,36
9107,5245,2022-06-21,536.23,20250.07,0,0
9108,5718,2023-01-30,808.48,14525.14,1,8
9109,5770,2021-08-08,502.97,10283.27,0,0
9110,5624,2020-01-22,965.24,30041.32,0,0
9111,5717,2021-09-13,1400.13,13586.07,1,25
9112,5539,2023-09-05,1172.52,17125.98,0,0
9113,5969,2020-05-22,1066.35,16146.95,0,0
9114,5583,2024-08-15,957.54,28506.45,0,0
9115,5688,2021-08-29,834.33,36711.83,0,0
9116,5202,2022-07-31,442.53,26670.24,1,16
9117,5248,2023-02-06,1363.12,18863.3,0,0
9118,5118,2023-07-06,523.1,31168.2,1,56
9119,5009,2022-01-17,318.7,25638.85,0,0
9120,5598,2022-08-02,1175.02,2424.41,0,0
9121,5023,2020-03-23,428.3,3826.54,0,0
9122,5967,2020-03-07,683.46,1516.68,0,0
9123,5240,2024-04-10,236.77,18272.65,0,0
9124,5585,2022-11-29,378.19,33034.14,0,0
9125,5027,2023-06-29,425.16,12523.33,0,0
9126,5984,2020-06-21,270.73,15366.41,0,0
9127,5861,2024-06-01,1053.65,36379.08,0,0
9128,5081,2021-07-23,1288.11,33476.14,0,0
9129,5596,2024-01-27,685.31,26601.92,0,0
9130,5199,2023-04-19,1336.95,10672.15,0,0
9131,5555,2024-03-28,477.35,4681.66,0,0
9132,6000,2022-08-13,623.01,642.35,0,0
9133,5775,2024-12-26,395.96,4280.43,0,0
9134,5092,2020-10-23,1006.73,11703.86,0,0
9135,5851,2024-02-16,745.83,22071.6,0,0
9136,5959,2022-03-29,997.27,2560.0,0,0
9137,5084,2023-08-01,1190.18,5449.11,1,14
9138,5300,2024-12-21,909.41,7243.23,0,0
9139,5935,2023-05-22,1015.92,25279.28,0,0
9140,5296,2020-12-31,1415.83,24631.59,0,0
9141,5647,2023-12-29,588.78,22030.63,0,0
9142,5454,2023-09-22,666.91,10020.06,1,11
9143,5281,2021-03-04,1133.01,14844.79,0,0
9144,5059,2021-03-10,994.7,3867.59,0,0
9145,5909,2020-03-14,432.09,9058.42,0,0
9146,5871,2023-04-13,688.99,35908.21,0,0
9147,6000,2021-04-09,808.19,39187.67,0,0
9148,5342,2023-08-15,745.21,25906.38,0,0
9149,5753,2020-01-04,431.76,36672.93,0,0
9150,5465,2023-04-02,1401.76,25709.68,0,0
9151,5880,2022-10-30,1191.01,1327.86,1,57
9152,5342,2021-03-05,825.76,39870.5,1,28
9153,5610,2022-08-05,1084.08,3958.09,0,0
9154,5062,2021-02-27,1366.47,27305.67,0,0
9155,5776,2024-03-10,377.03,10113.45,0,0
9156,5625,2020-04-13,525.48,15679.24,0,0
9157,5429,2021-04-07,905.51,25837.37,1,7
9158,5658,2020-08-02,1238.71,17459.49,0,0
9159,5728,2024-12-06,247.13,10021.84,0,0
9160,5256,2020-12-30,1479.22,13377.85,1,48
9161,5828,2022-05-22,791.38,13661.92,1,26
9162,5828,2020-08-14,667.0,38372.96,0,0
9163,5874,2022-08-25,580.54,31944.52,0,0
9164,5770,2021-05-24,426.66,18341.95,0,0
9165,5706,2021-01-14,1229.05,7992.84,0,0
9166,5347,2022-08-31,1442.04,32440.64,1,25
9167,5526,2020-12-17,737.74,6287.3,0,0
9168,5304,2020-05-02,1438.15,8418.49,0,0
9169,5615,2023-09-12,1270.94,14640.54,0,0
9170,5245,2020-11-07,825.37,35213.93,1,22
9171,5757,2020-07-25,1076.23,5271.47,1,42
9172,5824,2022-01-24,765.48,4889.37,1,31
9173,5780,2024-09-30,926.34,19759.0,0,0
9174,5736,2024-08-31,275.46,11056.42,1,23
9175,5732,2023-11-21,1105.14,22749.12,0,0
9176,5823,2023-08-01,268.67,18065.47,0,0
9177,5412,2024-09-27,1262.21,17398.36,0,0
9178,5878,2021-07-03,1272.43,4478.92,1,0
9179,5217,2020-03-31,508.2,5641.99,1,38
9180,5516,2024-08-13,620.76,32843.14,0,0
9181,5474,2021-01-12,825.7,35435.31,0,0
9182,5036,2023-11-20,975.66,9387.34,1,16
9183,5178,2022-09-18,573.56,4538.42,0,0
9184,5387,2020-07-29,970.23,2136.67,1,12
9185,5769,2022-09-25,587.12,24331.9,0,0
9186,5017,2023-06-07,272.14,28614.13,0,0
9187,5711,2023-04-19,203.29,14912.4,0,0
9188,5830,2024-01-12,331.5,27187.03,0,0
9189,5048,2021-09-27,1229.93,28518.35,0,0
9190,5062,2020-01-26,1449.86,37413.69,0,0
9191,5069,2020-01-11,755.06,2594.95,0,0
9192,5659,2024-01-28,866.49,7691.67,0,0
9193,5871,2024-09-07,390.9,2741.04,1,48
9194,5366,2023-02-01,916.34,34719.76,0,0
9195,5162,2020-08-08,388.05,31703.49,0,0
9196,5739,2024-04-04,994.58,22985.68,1,35
9197,5945,2023-08-12,1413.24,3346.54,0,0
9198,5976,2023-10-17,454.41,10932.49,0,0
9199,5488,2024-10-28,1193.93,11908.79,0,0
9200,5431,2020-06-09,230.55,22429.73,1,51
9201,5999,2024-04-25,688.15,10321.76,1,35
9202,5859,2023-02-04,343.97,2918.39,0,0
9203,5489,2022-11-19,658.22,29230.49,1,11
9204,5230,2020-03-18,425.6,11963.21,0,0
9205,5370,2023-05-05,685.3,18094.97,0,0
9206,5178,2024-10-24,742.78,5106.67,1,10
9207,5857,2020-05-17,590.77,32101.93,0,0
9208,5410,2024-11-11,1053.61,22621.28,1,51
9209,5568,2022-12-16,1394.51,36063.43,0,0
9210,5590,2022-02-06,720.77,19818.86,0,0
9211,5270,2021-01-31,450.05,37657.03,1,2
9212,5206,2020-05-07,551.94,35674.73,0,0
9213,5793,2020-08-26,1310.2,23058.39,1,10
9214,5740,2024-05-31,943.13,37355.74,1,34
9215,5900,2020-12-28,791.51,12923.55,1,20
9216,5751,2022-06-02,394.53,14625.69,0,0
9217,5975,2022-10-12,784.65,1819.12,0,0
9218,5800,2021-07-24,562.04,23568.04,1,7
9219,5082,2023-11-12,1426.11,28876.96,0,0
9220,5846,2023-06-16,1349.29,30940.77,0,0
9221,5762,2024-04-10,309.07,5992.65,1,44
9222,5193,2021-06-18,871.65,17766.36,0,0
9223,5618,2024-06-05,492.58,7074.53,1,35
9224,5189,2022-11-02,734.01,26485.09,0,0
9225,5276,2020-10-24,1339.9,6317.85,0,0
9226,5074,2020-10-03,885.77,36166.55,0,0
9227,5010,2021-06-04,634.48,9225.39,0,0
9228,5635,2024-06-07,470.25,11656.09,0,0
9229,5216,2022-07-07,1240.42,34036.25,0,0
9230,5290,2024-03-19,1011.87,18338.7,1,28
9231,5445,2024-10-10,808.49,959.84,0,0
9232,5988,2022-12-29,482.73,19783.45,0,0
9233,5923,2022-03-27,634.52,3381.73,0,0
9234,5552,2023-03-04,1447.8,39413.79,0,0
9235,5193,2021-11-23,876.12,23524.46,0,0
9236,5639,2021-02-20,720.91,10261.3,0,0
9237,5289,2020-06-12,877.85,22548.71,0,0
9238,5964,2022-05-22,1212.69,3074.68,0,0
9239,5583,2024-03-22,642.14,31995.65,0,0
9240,5649,2024-06-11,432.32,37013.12,0,0
9241,5144,2021-03-06,960.42,34977.78,0,0
9242,5389,2021-05-29,1064.77,13670.3,0,0
9243,5866,2022-03-29,1126.53,13030.72,0,0
9244,5892,2021-03-30,1346.58,1403.5,0,0
9245,5407,2021-06-25,682.53,26056.01,0,0
9246,5811,2022-10-03,297.96,21396.19,0,0
9247,5370,2020-02-07,1445.85,18373.85,1,2
9248,5857,2022-04-12,765.52,36305.24,1,23
9249,5441,2020-02-03,1010.23,6715.16,0,0
9250,5947,2021-05-29,1066.2,386.65,1,2
9251,5781,2021-05-28,910.47,2932.66,0,0
9252,5896,2021-09-09,466.83,8934.86,0,0
9253,5920,2021-01-16,1181.69,1331.42,0,0
9254,5651,2022-03-29,1244.88,20113.75,0,0
9255,5564,2020-07-22,918.87,12563.62,0,0
9256,5529,2022-01-27,835.13,7219.32,0,0
9257,5677,2020-07-24,348.12,30003.36,1,35
9258,5013,2020-07-06,309.14,8178.05,0,0
9259,5702,2021-12-21,641.43,27504.2,0,0
9260,5987,2023-11-15,604.1,13970.6,0,0
9261,5340,2022-05-06,1439.75,20473.11,1,3
9262,5865,2022-05-18,1218.71,37354.68,0,0
9263,5874,2024-12-08,1057.9,1494.07,0,0
9264,5864,2020-07-29,872.94,20010.58,0,0
9265,5776,2020-11-03,417.58,34176.92,0,0
9266,5312,2021-10-17,1471.99,23518.97,0,0
9267,5733,2024-02-04,687.55,11074.82,0,0
9268,5104,2021-05-08,339.0,15907.25,0,0
9269,5339,2021-03-21,841.94,27210.63,0,0
9270,5198,2020-10-30,1336.2,35632.48,0,0
9271,5300,2022-08-24,1353.48,1642.65,0,0
9272,5444,2023-06-27,214.26,2861.55,0,0
9273,5359,2022-02-21,1352.18,13002.06,0,0
9274,5368,2024-09-11,552.93,9311.19,0,0
9275,5169,2020-09-29,250.66,10597.24,1,43
9276,5149,2022-07-01,1302.13,8850.8,0,0
9277,5761,2020-02-09,1323.03,7833.0,0,0
9278,5768,2024-12-08,975.1,5224.96,0,0
9279,5982,2024-12-25,946.76,37358.17,1,27
9280,5042,2020-11-24,1257.06,5767.58,0,0
9281,5202,2021-01-10,1222.2,8176.15,0,0
9282,5970,2020-09-06,1357.14,9850.63,0,0
9283,5244,2022-10-06,918.57,37320.59,0,0
9284,5669,2021-01-12,1457.94,30228.57,0,0
9285,5464,2024-08-11,1494.99,31587.98,1,32
9286,5449,2024-08-09,351.51,4190.33,0,0
9287,5913,2024-01-09,1304.41,33452.4,0,0
9288,5798,2020-08-09,849.77,16327.72,0,0
9289,5794,2021-09-09,703.84,10512.92,0,0
9290,5437,2022-01-24,996.99,23030.0,1,38
9291,5893,2021-04-02,272.76,32887.32,0,0
9292,5750,2021-07-01,858.4,31146.09,1,7
9293,5531,2020-10-31,1332.16,35599.9,0,0
9294,5565,2022-10-12,477.5,37125.29,0,0
9295,5597,2021-11-09,754.31,9524.88,0,0
9296,5273,2024-12-02,1421.33,16954.32,0,0
9297,5430,2022-07-15,757.13,585.14,0,0
9298,5872,2022-05-28,665.88,35172.87,0,0
9299,5213,2023-04-20,772.7,6182.89,0,0
9300,5949,2022-10-11,875.29,34458.99,0,0
9301,5873,2022-05-29,1021.59,13175.49,0,0
9302,5104,2023-07-04,1240.9,14725.34,0,0
9303,5192,2023-03-11,787.73,1565.29,0,0
9304,5941,2023-11-18,1262.73,13075.15,1,10
9305,5689,2024-04-25,893.84,35534.55,0,0
9306,5659,2024-04-02,640.02,1021.9,0,0
9307,5380,2021-12-19,1055.34,16253.1,0,0
9308,5967,2024-09-21,1133.04,1255.99,0,0
9309,5081,2021-08-16,925.46,14836.94,0,0
9310,5705,2024-11-20,273.6,6905.63,1,26
9311,5549,2021-06-01,420.85,10088.74,0,0
9312,5377,2023-08-05,570.89,35103.93,0,0
9313,5838,2021-12-07,567.41,17441.97,0,0
9314,5154,2021-03-11,1075.45,10951.92,0,0
9315,5642,2023-07-16,223.85,23573.54,0,0
9316,5571,2024-02-18,1182.39,5684.28,1,26
9317,5736,2020-02-11,544.95,10375.66,0,0
9318,5761,2023-08-31,603.03,21849.92,1,26
9319,5240,2023-07-23,886.28,9500.92,0,0
9320,5374,2023-08-22,480.7,27165.11,0,0
9321,5901,2023-10-20,1349.81,19659.65,0,0
9322,5805,2020-10-22,310.98,30879.56,0,0
9323,5799,2020-03-08,777.7,37929.78,1,43
9324,5204,2020-05-09,1304.25,4632.2,0,0
9325,5611,2022-05-05,1000.6,13386.6,1,36
9326,5350,2021-09-19,580.03,12781.96,0,0
9327,5688,2024-11-12,746.99,6047.32,0,0
9328,5774,2024-04-19,1118.7,32412.13,1,28
9329,5783,2024-09-19,1465.24,30395.15,0,0
9330,5143,2021-09-07,1361.08,19377.02,1,41
9331,5189,2022-10-01,645.16,21510.83,0,0
9332,5272,2024-12-11,1497.66,2381.77,1,38
9333,5532,2024-05-27,204.56,22220.29,0,0
9334,5845,2021-08-08,235.92,31653.66,0,0
9335,5300,2024-05-29,1270.99,22953.1,0,0
9336,5426,2023-06-15,459.3,10612.25,0,0
9337,5046,2021-08-28,279.0,26701.93,0,0
9338,5095,2020-10-29,508.29,14459.54,0,0
9339,5930,2020-07-19,753.93,21794.93,0,0
9340,5064,2022-06-15,1149.74,19502.61,0,0
9341,5413,2020-01-06,1011.64,15247.0,0,0
9342,5643,2021-04-30,508.91,28755.12,0,0
9343,5009,2021-07-04,854.25,35355.04,0,0
9344,5459,2024-07-02,1404.08,208.5,0,0
9345,5715,2020-06-11,1259.51,37344.66,0,0
9346,5409,2020-03-24,620.15,20460.61,0,0
9347,5470,2024-07-27,1476.94,28029.28,0,0
9348,5810,2020-01-01,1121.21,34224.98,1,20
9349,5506,2023-06-23,281.18,18684.15,0,0
9350,5686,2024-11-21,245.71,33398.96,0,0
9351,5073,2020-06-09,418.93,7104.79,0,0
9352,5084,2021-12-14,1146.21,6366.7,0,0
9353,5059,2021-10-29,438.86,26298.85,1,19
9354,5021,2024-01-02,864.93,34805.72,1,26
9355,5458,2020-12-18,321.24,35697.05,0,0
9356,5918,2022-01-20,1397.15,25749.62,0,0
9357,5157,2024-08-17,647.15,21019.57,0,0
9358,5831,2022-07-29,1380.57,13255.72,0,0
9359,5329,2020-02-09,1428.34,39200.02,1,26
9360,5573,2023-08-20,207.97,12787.83,0,0
9361,5576,2022-05-03,803.38,29767.44,0,0
9362,5837,2020-10-31,232.05,21279.27,0,0
9363,5680,2023-10-27,1381.3,24340.49,0,0
9364,5203,2021-12-21,873.93,15739.22,0,0
9365,5641,2020-07-19,297.43,38592.93,1,46
9366,5757,2023-03-17,343.36,22867.29,0,0
9367,5106,2021-12-01,698.56,37511.51,1,43
9368,5833,2021-04-03,1422.3,303.66,0,0
9369,5122,2021-09-11,1100.78,22906.82,0,0
9370,5318,2023-03-23,1327.9,28687.48,0,0
9371,5182,2023-08-14,676.39,29803.21,0,0
9372,5615,2020-03-30,256.18,36199.08,1,31
9373,5316,2021-07-14,1466.61,176.06,0,0
9374,5814,2024-12-03,222.32,13.21,0,0
9375,5773,2020-01-28,1431.95,18890.54,0,0
9376,5625,2021-11-02,679.28,1171.75,0,0
9377,5406,2022-03-29,213.12,38981.3,0,0
9378,5986,2022-07-25,1095.9,8882.61,0,0
9379,5949,2020-04-01,1474.7,18906.59,0,0
9380,5070,2023-06-19,1455.31,2445.51,0,0
9381,5160,2021-02-07,409.22,20881.94,0,0
9382,5240,2022-09-19,435.62,15198.25,0,0
9383,5523,2022-05-09,935.2,1786.4,0,0
9384,5138,2021-09-01,1028.5,13404.97,0,0
9385,5495,2021-09-11,1161.24,15657.44,0,0
9386,5679,2022-04-13,435.37,39596.86,0,0
9387,5247,2023-11-21,1446.71,8315.43,0,0
9388,5866,2024-09-16,1030.36,21791.18,0,0
9389,5543,2024-01-01,1301.16,39492.62,0,0
9390,5524,2021-02-12,902.09,31680.77,0,0
9391,5243,2021-11-28,738.56,39734.7,0,0
9392,5620,2021-09-05,1470.34,38731.93,0,0
9393,5336,2024-10-03,956.76,19581.58,0,0
9394,5422,2023-12-14,1326.94,27855.03,1,56
9395,5835,2022-08-25,1439.28,4417.73,0,0
9396,5194,2022-03-25,1077.96,17645.95,1,30
9397,5308,2021-02-02,913.62,32360.74,0,0
9398,5645,2020-10-11,204.56,20213.41,0,0
9399,5907,2024-08-21,252.03,28107.96,0,0
9400,5506,2023-08-11,461.11,29830.05,0,0
9401,5281,2024-02-17,441.81,10138.77,0,0
9402,5803,2024-04-04,531.19,35027.97,0,0
9403,5675,2022-10-21,596.42,18392.9,1,5
9404,5790,2021-03-22,668.09,8407.4,0,0
9405,5933,2022-06-01,746.7,34616.64,1,17
9406,5982,2020-05-22,328.53,16712.75,0,0
9407,5439,2024-07-06,255.07,30012.5,0,0
9408,5715,2021-07-03,1076.13,21921.32,0,0
9409,5608,2020-11-10,898.54,15274.87,0,0
9410,5483,2024-11-15,777.39,32395.06,0,0
9411,5223,2023-08-19,1024.77,23378.8,1,59
9412,5749,2021-07-27,1275.98,15622.48,0,0
9413,5117,2020-10-30,756.0,4383.91,0,0
9414,5968,2020-10-26,1033.46,35817.81,0,0
9415,5192,2022-07-13,1439.64,1418.78,0,0
9416,5788,2020-12-28,1291.51,34527.49,0,0
9417,5618,2024-05-02,753.8,14398.46,0,0
9418,5994,2020-02-13,1038.13,25573.55,0,0
9419,5516,2024-03-20,430.19,36887.99,0,0
9420,5530,2021-11-04,928.68,6068.26,0,0
9421,5307,2020-07-14,1475.73,22678.02,0,0
9422,5964,2020-06-13,873.81,30577.31,0,0
9423,5532,2023-11-20,1405.93,30303.35,0,0
9424,5122,2023-03-22,729.54,21025.28,0,0
9425,5649,2020-12-24,1498.5,24989.58,1,12
9426,5592,2022-03-07,952.99,30301.08,1,30
9427,5154,2020-03-21,254.95,33641.11,0,0
9428,5870,2021-12-20,962.78,30472.52,1,22
9429,5537,2024-11-24,556.94,14160.2,0,0
9430,5452,2022-03-17,242.23,39869.06,0,0
9431,5169,2021-08-03,1267.11,17380.11,0,0
9432,5059,2021-07-27,558.45,978.59,1,4
9433,5301,2024-07-26,1235.51,14504.68,0,0
9434,5553,2020-07-14,574.68,5111.32,1,37
9435,5550,2021-04-25,452.62,4857.7,1,1
9436,5117,2020-08-26,1466.12,11261.4,0,0
9437,5787,2021-01-05,670.14,2135.02,0,0
9438,5782,2021-03-26,981.79,27540.49,0,0
9439,5127,2021-02-08,992.98,2959.56,0,0
9440,5405,2023-09-03,928.62,8131.58,0,0
9441,5399,2023-04-07,1389.1,3715.99,0,0
9442,5515,2020-08-23,1076.77,2526.71,0,0
9443,5805,2020-12-18,724.85,10710.07,0,0
9444,5885,2023-04-19,1321.09,22875.96,0,0
9445,5498,2022-11-28,435.38,38587.42,0,0
9446,5942,2020-11-25,907.51,35022.27,0,0
9447,5528,2021-06-14,1435.72,35037.36,0,0
9448,5398,2023-05-02,1013.02,7042.68,0,0
9449,5265,2023-11-13,1262.06,10596.29,1,6
9450,5751,2024-04-05,1049.63,3055.73,0,0
9451,5263,2022-01-27,1291.18,31138.73,0,0
9452,5398,2020-11-18,1427.83,2792.65,1,1
9453,5646,2024-11-10,554.8,22267.83,0,0
9454,5725,2022-11-23,420.56,9915.02,0,0
9455,5527,2020-04-18,829.19,9737.83,0,0
9456,5436,2023-02-17,1112.42,39629.0,1,7
9457,5840,2024-09-08,495.35,30271.19,1,18
9458,5930,2020-06-07,205.33,33477.57,0,0
9459,5360,2023-11-25,645.82,22879.31,0,0
9460,5129,2022-09-03,1459.52,34840.57,1,44
9461,5864,2023-11-18,1103.46,25819.62,0,0
9462,5634,2020-12-07,721.72,37846.95,0,0
9463,5241,2020-09-03,450.35,11253.54,0,0
9464,5627,2022-08-20,662.92,23812.78,0,0
9465,5709,2022-07-10,420.79,27605.25,0,0
9466,5222,2020-04-04,338.2,15717.49,0,0
9467,5214,2020-01-22,1378.77,35188.32,0,0
9468,5916,2024-11-11,1496.95,39192.13,0,0
9469,5592,2023-04-08,413.35,19750.78,0,0
9470,5775,2020-11-09,270.88,15625.63,0,0
9471,5135,2023-06-14,628.65,18877.52,0,0
9472,5818,2023-10-05,800.16,34109.47,0,0
9473,5754,2021-08-13,466.27,25818.74,1,7
9474,5386,2023-05-21,591.85,1790.89,0,0
9475,5303,2023-09-22,461.13,21686.8,0,0
9476,5782,2021-10-23,1206.54,692.0,0,0
9477,5287,2024-09-21,1126.35,31141.41,0,0
9478,5562,2024-03-09,1025.44,13132.49,0,0
9479,5189,2020-01-02,703.38,18880.3,0,0
9480,5297,2024-11-27,1381.75,31947.12,0,0
9481,5526,2022-03-05,1460.39,1857.95,1,13
9482,5389,2022-04-06,425.73,6341.66,0,0
9483,5459,2021-01-25,489.92,15918.42,0,0
9484,5744,2020-08-18,883.32,9197.01,0,0
9485,5261,2020-08-30,318.63,13516.06,0,0
9486,5704,2023-01-11,767.38,39926.99,0,0
9487,5925,2024-05-02,956.33,33016.58,0,0
9488,5715,2022-10-03,878.7,35356.07,0,0
9489,5773,2020-06-20,630.18,37482.19,0,0
9490,5113,2022-07-03,905.18,13637.44,0,0
9491,5886,2022-12-06,1446.44,11883.08,0,0
9492,5864,2021-01-20,467.82,9362.5,1,53
9493,5036,2021-04-28,1051.28,33204.68,0,0
9494,5079,2023-03-26,256.42,27182.07,0,0
9495,5275,2020-09-10,286.34,9446.88,0,0
9496,5960,2022-12-18,917.38,15079.75,1,26
9497,5278,2023-02-11,336.42,20268.47,1,28
9498,5674,2023-06-30,229.05,21125.6,0,0
9499,5312,2022-08-12,422.97,35549.11,1,37
9500,5529,2024-01-05,934.3,15222.65,0,0
9501,5204,2020-08-21,1114.34,36340.96,1,5
9502,5985,2023-12-31,463.22,17654.7,0,0
9503,5952,2024-12-13,1068.74,29854.91,0,0
9504,5017,2023-10-25,437.22,37210.17,0,0
9505,5714,2020-05-10,997.49,36303.03,0,0
9506,5476,2022-04-24,735.55,2278.11,0,0
9507,5511,2021-08-20,1049.94,8228.17,0,0
9508,5210,2021-03-17,1493.57,19076.22,0,0
9509,5499,2021-06-15,1419.16,17262.17,0,0
9510,5402,2022-03-17,205.57,25635.67,0,0
9511,5429,2022-07-23,1351.07,37788.36,1,6
9512,5992,2024-01-27,286.44,4496.19,1,17
9513,5078,2022-02-27,1438.96,18074.35,1,31
9514,5568,2020-02-29,566.37,7696.44,0,0
9515,5080,2021-01-31,696.65,35764.3,0,0
9516,5306,2021-02-21,319.13,38583.21,0,0
9517,5058,2024-10-30,345.95,19148.07,0,0
9518,5530,2023-11-27,1144.76,4160.41,0,0
9519,5208,2020-02-20,1427.63,31411.79,0,0
9520,5511,2021-10-25,993.97,27885.65,1,47
9521,5977,2021-11-05,1130.61,14186.83,0,0
9522,5135,2024-05-26,1190.56,35496.3,1,50
9523,5844,2023-03-23,541.66,39033.28,0,0
9524,5994,2024-03-22,258.8,22314.15,0,0
9525,5522,2021-08-20,202.43,22629.12,0,0
9526,5581,2024-11-22,655.84,11900.54,0,0
9527,5853,2020-03-25,513.9,23380.24,1,42
9528,5899,2024-06-04,281.01,17585.69,0,0
9529,5083,2024-07-26,433.39,12087.64,0,0
9530,5621,2024-04-03,361.85,2687.41,0,0
9531,5044,2022-10-10,1389.34,10108.31,0,0
9532,5483,2021-06-05,382.35,7914.19,0,0
9533,5966,2021-08-19,898.94,21681.68,0,0
9534,5910,2021-06-04,971.04,24066.8,0,0
9535,5644,2024-01-05,906.54,24342.87,0,0
9536,5493,2022-01-24,328.77,15527.24,0,0
9537,5499,2023-08-16,614.44,16849.19,1,31
9538,5018,2020-10-27,266.65,33369.54,0,0
9539,5605,2023-07-18,714.37,19049.31,0,0
9540,5995,2020-04-15,445.18,39510.93,0,0
9541,5948,2021-08-05,930.12,17584.69,0,0
9542,5294,2020-01-02,1100.65,25983.24,0,0
9543,5976,2023-05-11,891.76,2014.52,0,0
9544,5148,2021-09-30,764.51,26133.6,1,18
9545,5472,2020-09-13,703.53,34057.06,0,0
9546,5995,2023-03-17,1294.2,37698.31,0,0
9547,5172,2024-08-19,485.18,39892.82,0,0
9548,5563,2022-09-07,1154.48,11287.15,0,0
9549,5531,2022-12-13,1184.73,23014.8,0,0
9550,5120,2024-06-22,744.96,18028.72,0,0
9551,5836,2024-11-24,586.49,22552.7,0,0
9552,5737,2020-05-03,811.7,6298.12,0,0
9553,5066,2023-10-31,321.18,34245.98,1,53
9554,5141,2022-02-10,259.71,36382.76,0,0
9555,5446,2023-11-13,345.08,17986.47,1,32
9556,5506,2020-01-08,443.29,11217.19,1,8
9557,5189,2024-12-12,855.43,5633.34,1,27
9558,5158,2024-03-02,1303.88,27350.59,0,0
9559,5610,2022-01-16,506.34,12489.27,1,11
9560,5670,2021-07-19,1415.71,36381.54,0,0
9561,5947,2022-04-29,1441.38,26840.5,0,0
9562,5246,2020-07-06,1446.58,25827.41,0,0
9563,5856,2022-10-25,1288.83,22376.08,0,0
9564,5944,2021-02-11,672.97,1831.05,1,42
9565,5748,2023-03-28,294.49,37276.9,0,0
9566,5033,2022-09-09,939.46,25117.5,0,0
9567,5361,2024-04-12,926.29,39762.48,0,0
9568,5753,2021-03-11,1304.97,21494.26,1,51
9569,5330,2020-09-03,1494.79,28404.44,0,0
9570,5512,2024-04-27,860.6,2248.38,0,0
9571,5850,2020-02-12,648.77,25269.45,0,0
9572,5787,2024-08-29,441.67,30585.98,0,0
9573,5071,2021-03-13,206.24,31140.57,0,0
9574,5313,2021-02-15,861.85,30804.47,0,0
9575,5915,2022-10-24,922.17,9051.31,1,5
9576,5728,2022-06-13,1272.42,39015.94,0,0
9577,5079,2020-11-05,855.95,39807.28,0,0
9578,5169,2020-10-20,1391.41,3023.84,0,0
9579,5810,2022-12-05,1016.51,37457.86,1,48
9580,5983,2022-09-16,1292.44,11577.97,1,15
9581,5180,2023-02-27,392.79,27571.36,0,0
9582,5628,2023-08-25,1311.94,13524.44,1,9
9583,5260,2022-05-14,1077.69,38710.17,0,0
9584,5486,2024-06-29,421.3,4060.15,0,0
9585,5772,2021-07-16,446.69,19909.87,0,0
9586,5005,2022-04-24,1404.45,17121.91,0,0
9587,5297,2021-03-14,241.88,13040.94,0,0
9588,5620,2020-04-02,801.3,25821.36,0,0
9589,5855,2020-08-17,607.52,5242.23,1,51
9590,5360,2023-12-15,1064.6,28666.5,0,0
9591,5117,2023-11-19,1291.52,39223.68,0,0
9592,5357,2021-11-19,668.49,32182.35,0,0
9593,5957,2022-03-15,754.97,34400.67,0,0
9594,5843,2020-01-07,1476.49,14385.47,1,28
9595,5439,2022-07-13,1219.09,12995.46,0,0
9596,5331,2022-02-12,1366.37,20681.93,1,31
9597,5525,2022-04-25,770.39,1829.06,0,0
9598,5654,2022-11-10,504.3,37814.33,0,0
9599,5188,2024-11-13,735.42,5751.41,0,0
9600,5968,2023-08-05,1130.92,36120.52,0,0
9601,5281,2023-08-26,342.26,3343.29,0,0
9602,5511,2021-02-20,551.61,32905.0,0,0
9603,5466,2022-07-15,260.63,6078.5,0,0
9604,5115,2020-11-04,762.05,1525.26,0,0
9605,5940,2021-11-17,1275.68,28779.58,0,0
9606,5236,2021-03-23,232.06,11210.61,0,0
9607,5338,2024-08-30,1077.92,28579.85,0,0
9608,5522,2023-04-19,1412.24,22203.41,0,0
9609,5199,2024-10-11,508.01,4352.3,0,0
9610,5764,2020-01-18,1101.73,37285.2,0,0
9611,5050,2022-01-28,1467.63,18092.57,1,14
9612,5940,2023-06-24,1450.96,29377.89,1,12
9613,5142,2024-10-13,505.41,20040.82,0,0
9614,5783,2023-10-17,330.43,24174.46,0,0
9615,5528,2021-01-23,392.77,12110.94,0,0
9616,5514,2020-05-15,1112.65,8014.41,0,0
9617,5670,2022-06-14,1143.49,21702.81,1,41
9618,5030,2021-08-22,1076.51,17608.76,1,37
9619,5082,2021-07-25,636.9,15604.53,1,10
9620,5031,2020-10-26,420.71,26902.69,0,0
9621,5748,2022-10-19,954.99,27620.27,1,41
9622,5333,2024-03-25,828.78,1836.8,0,0
9623,5660,2023-12-12,1147.48,13549.78,1,10
9624,5177,2022-05-31,773.77,16470.58,0,0
9625,5370,2021-01-05,640.23,3875.69,0,0
9626,5547,2020-07-12,581.52,9436.03,0,0
9627,5535,2023-10-27,474.91,2065.67,0,0
9628,5106,2021-02-09,545.47,39849.68,0,0
9629,5097,2021-10-16,323.28,29462.29,1,10
9630,5230,2023-08-17,650.91,3498.01,0,0
9631,5227,2024-04-25,247.54,809.98,0,0
9632,5371,2024-09-24,442.34,28771.51,0,0
9633,5100,2024-05-13,1170.8,17567.69,0,0
9634,5445,2024-07-10,623.11,31471.87,1,22
9635,5468,2021-03-05,1068.71,36939.04,0,0
9636,5055,2024-01-13,1131.95,23972.02,0,0
9637,5195,2024-05-02,955.54,7484.34,1,41
9638,5520,2021-05-12,1446.31,31287.76,1,23
9639,5424,2024-02-10,227.87,38232.47,0,0
9640,5315,2024-12-21,1160.25,23209.25,0,0
9641,5128,2024-10-31,1446.42,27279.9,0,0
9642,5032,2021-01-18,1320.95,13498.99,0,0
9643,5093,2024-11-27,418.26,15261.11,0,0
9644,5519,2023-12-27,624.87,29386.18,1,57
9645,5258,2021-01-12,424.19,37110.84,0,0
9646,5853,2020-07-18,981.7,25159.54,0,0
9647,5902,2022-04-01,1125.84,31593.92,0,0
9648,5220,2023-12-11,612.2,6865.4,0,0
9649,5752,2023-11-18,901.36,8478.36,1,44
9650,5106,2022-02-26,1098.2,21281.39,0,0
9651,5548,2022-04-24,747.74,7062.17,0,0
9652,5416,2024-10-18,1310.22,25399.8,0,0
9653,5557,2024-11-05,1203.01,11666.13,0,0
9654,5810,2023-05-27,284.07,31661.3,1,40
9655,5309,2023-07-01,1007.46,32324.41,0,0
9656,5366,2024-02-16,505.92,18551.5,0,0
9657,5521,2024-07-28,924.77,7232.43,0,0
9658,5459,2022-07-15,1443.95,25871.0,0,0
9659,5599,2024-02-12,1342.78,39711.48,0,0
9660,5370,2020-10-24,725.87,24903.64,0,0
9661,5331,2023-11-09,578.97,1430.99,1,46
9662,5689,2022-10-09,504.73,691.76,0,0
9663,5642,2021-11-30,892.27,12814.48,0,0
9664,5707,2023-09-26,348.52,7831.35,1,28
9665,5011,2021-04-25,914.06,32522.05,1,56
9666,5818,2022-01-18,201.73,33792.23,1,20
9667,5507,2022-09-22,621.0,10344.75,1,6
9668,5419,2022-08-27,485.91,13025.79,0,0
9669,5122,2020-01-25,1462.58,9449.88,0,0
9670,5911,2021-05-24,1145.42,36335.3,0,0
9671,5235,2024-02-28,654.55,20105.97,0,0
9672,5331,2023-08-30,320.7,26245.48,1,23
9673,5543,2023-03-07,871.84,16619.28,0,0
9674,5348,2022-02-09,477.48,25240.57,0,0
9675,5958,2021-11-02,897.36,15434.22,1,22
9676,5412,2020-06-22,1285.97,13587.14,0,0
9677,5224,2024-03-31,1000.53,25379.2,0,0
9678,5153,2021-08-06,1023.92,23642.48,0,0
9679,5212,2023-01-04,903.34,11741.12,0,0
9680,5092,2023-02-15,1405.45,5973.94,0,0
9681,5921,2024-06-15,1411.47,14743.07,1,34
9682,5331,2021-12-18,866.54,16607.91,0,0
9683,5467,2022-10-05,597.49,25147.37,1,22
9684,5860,2021-02-22,797.46,36581.15,0,0
9685,5641,2020-07-01,442.53,1447.39,0,0
9686,5955,2022-11-02,1027.25,9746.44,0,0
9687,5709,2022-09-08,850.12,7748.64,0,0
9688,5970,2024-05-28,334.29,20091.78,1,50
9689,5554,2021-11-20,456.94,17188.03,0,0
9690,5878,2020-03-31,823.52,29161.5,1,22
9691,5930,2024-12-25,1353.87,9696.64,1,46
9692,5228,2024-10-20,936.31,23779.93,1,9
9693,5194,2020-07-06,1086.0,35354.29,0,0
9694,5530,2021-08-14,640.74,36427.11,1,50
9695,5845,2022-11-06,942.83,38351.38,0,0
9696,5243,2021-04-30,781.59,30930.45,0,0
9697,5389,2023-11-01,1056.87,36239.52,0,0
9698,5276,2022-02-13,265.75,9381.23,1,47
9699,5450,2021-05-30,841.29,7903.24,0,0
9700,5639,2021-12-17,584.79,259.52,0,0
9701,5587,2024-07-30,624.04,28273.77,0,0
9702,5574,2021-09-10,1449.19,37498.69,0,0
9703,5478,2020-09-25,437.5,7477.41,0,0
9704,5480,2022-08-18,604.62,25477.74,1,12
9705,5288,2020-09-29,862.86,29858.39,0,0
9706,5698,2020-06-22,1321.94,37104.57,1,14
9707,5690,2023-07-11,741.67,25874.41,0,0
9708,5678,2021-06-23,1167.02,38811.75,1,26
9709,5695,2024-03-21,1313.29,13786.93,0,0
9710,5540,2022-02-04,603.02,13997.14,0,0
9711,5330,2020-05-13,710.58,21720.5,0,0
9712,5470,2023-11-02,663.52,15340.08,0,0
9713,5759,2024-04-16,1282.71,57.03,1,20
9714,5849,2021-07-22,257.65,29270.88,0,0
9715,5534,2023-01-13,600.95,30068.68,1,12
9716,5939,2024-08-14,1083.23,29878.98,0,0
9717,5467,2023-01-08,935.08,13800.83,0,0
9718,5977,2020-07-23,767.18,20891.58,0,0
9719,5984,2024-01-05,901.93,14398.94,0,0
9720,5420,2021-07-06,456.86,641.46,0,0
9721,5608,2023-04-15,759.93,22497.96,0,0
9722,5122,2021-10-16,852.21,4950.43,1,36
9723,5762,2024-06-10,1371.55,3201.65,0,0
9724,5891,2023-04-20,539.09,30219.96,0,0
9725,5308,2020-04-03,1328.18,380.25,0,0
9726,5932,2024-12-16,1037.51,38360.34,0,0
9727,5924,2021-10-17,226.44,20610.21,1,59
9728,5334,2023-11-26,1142.02,39320.66,1,41
9729,5954,2023-08-09,246.22,2319.9,0,0
9730,5420,2020-08-30,1496.6,23341.18,1,2
9731,5326,2020-11-26,1334.43,13973.08,0,0
9732,5649,2020-03-09,586.55,33739.3,0,0
9733,5789,2023-09-28,534.63,14448.91,0,0
9734,5832,2023-03-03,695.87,10419.5,1,31
9735,5844,2024-10-14,663.02,34302.13,0,0
9736,5573,2024-10-23,684.04,14986.12,0,0
9737,5250,2022-01-15,613.76,673.33,0,0
9738,5990,2020-06-27,1007.47,15611.56,0,0
9739,5095,2024-08-23,413.54,26180.89,1,6
9740,5296,2020-08-30,1299.78,10174.38,0,0
9741,5184,2024-09-20,1256.12,17279.5,0,0
9742,5260,2024-05-09,819.43,2268.61,0,0
9743,5799,2022-05-10,1308.55,23523.71,0,0
9744,5667,2024-03-26,521.29,30251.8,0,0
9745,5186,2022-08-02,222.84,16532.5,0,0
9746,5409,2024-07-16,1004.97,16809.31,0,0
9747,5069,2020-02-19,795.28,3531.3,0,0
9748,5838,2021-10-27,937.31,8077.63,0,0
9749,5773,2023-02-14,1369.14,6187.01,0,0
9750,5627,2024-06-29,1460.9,19267.51,0,0
9751,5859,2024-04-14,1024.79,21170.22,0,0
9752,5008,2023-09-05,1193.27,37957.61,0,0
9753,5265,2022-05-05,308.95,2929.26,0,0
9754,5783,2022-06-13,408.93,23994.72,0,0
9755,5484,2023-06-06,1153.17,21059.94,1,54
9756,5761,2020-02-14,760.78,20649.32,0,0
9757,5617,2021-12-10,779.75,34926.37,1,50
9758,5775,2023-07-21,601.19,8221.54,1,8
9759,5736,2023-08-31,989.56,1630.93,0,0
9760,5840,2024-09-10,440.71,26890.86,0,0
9761,5371,2024-05-03,1014.99,13806.3,0,0
9762,5783,2021-05-08,425.94,703.6,0,0
9763,5677,2021-10-02,282.97,10054.96,1,57
9764,5083,2022-02-10,629.46,12373.07,0,0
9765,5807,2020-09-19,500.48,24673.54,0,0
9766,5646,2024-03-25,1355.69,6903.43,0,0
9767,5211,2022-03-09,271.44,16522.17,1,43
9768,5313,2020-04-14,429.6,19299.02,0,0
9769,5604,2023-02-03,913.34,18369.5,0,0
9770,5337,2024-09-20,825.39,38957.63,0,0
9771,5490,2020-01-08,259.61,1820.17,0,0
9772,5403,2022-07-08,209.43,38038.73,0,0
9773,5639,2020-02-20,1484.49,23277.49,0,0
9774,5191,2024-10-20,1056.49,31829.11,0,0
9775,5671,2021-08-04,675.03,17215.7,0,0
9776,5843,2020-06-27,811.56,18153.52,0,0
9777,5335,2022-06-11,546.52,35173.06,0,0
9778,5522,2023-10-02,648.34,35837.38,0,0
9779,5619,2021-01-09,1043.76,9547.56,0,0
9780,5087,2020-10-24,1347.66,7969.68,0,0
9781,5579,2023-01-13,439.37,19849.41,0,0
9782,5062,2024-07-24,1292.47,36011.08,0,0
9783,5387,2022-04-11,358.02,12894.2,0,0
9784,5146,2024-12-22,479.49,26080.58,0,0
9785,5153,2023-08-29,248.33,28326.07,0,0
9786,5619,2024-07-21,383.06,31146.99,0,0
9787,5660,2020-02-11,1392.49,22556.98,0,0
9788,5698,2022-02-07,797.27,16098.21,0,0
9789,5349,2022-01-17,300.97,38680.64,0,0
9790,5854,2024-03-26,1447.64,24453.23,1,12
9791,5178,2020-06-11,1342.69,29142.61,0,0
9792,5889,2023-05-12,1181.09,13799.31,0,0
9793,5847,2023-08-24,1413.51,26797.97,1,39
9794,5487,2021-12-25,486.17,10311.91,0,0
9795,5778,2024-09-03,1287.28,9803.88,1,6
9796,5661,2021-03-26,1096.99,28588.89,0,0
9797,5247,2024-02-14,1330.69,20855.79,0,0
9798,5254,2024-10-10,1235.99,27331.06,0,0
9799,5500,2021-02-28,650.44,10777.54,0,0
9800,5541,2023-07-08,1206.72,23948.93,0,0
9801,5352,2022-06-29,541.19,17757.35,0,0
9802,5512,2024-02-02,627.17,23878.41,0,0
9803,5778,2022-03-13,340.28,11635.19,1,24
9804,5013,2020-01-18,1415.6,28618.04,0,0
9805,5559,2020-12-23,578.3,32237.17,0,0
9806,5151,2021-12-26,876.81,10396.66,0,0
9807,5050,2023-06-26,708.73,12024.82,0,0
9808,5215,2023-08-12,1447.91,26446.17,0,0
9809,5991,2023-02-19,635.56,27823.41,0,0
9810,5644,2020-07-29,1212.11,28163.99,0,0
9811,5372,2021-01-17,1312.04,27307.94,0,0
9812,5113,2022-06-30,766.29,15712.31,1,2
9813,5252,2022-08-23,691.62,15794.15,0,0
9814,5963,2022-08-26,1172.07,10192.7,0,0
9815,5341,2023-07-30,1386.76,6273.35,0,0
9816,5053,2021-01-22,1181.41,27703.1,0,0
9817,5130,2023-12-09,495.26,3727.55,0,0
9818,5836,2023-05-23,1354.8,37511.69,0,0
9819,5193,2023-06-16,703.86,33067.45,1,1
9820,5591,2020-03-10,949.1,34300.23,0,0
9821,5057,2023-05-11,1280.87,36266.75,0,0
9822,5097,2023-01-17,444.91,16344.2,0,0
9823,5198,2022-02-06,1219.86,33868.03,0,0
9824,5647,2024-11-10,975.01,6322.45,0,0
9825,5147,2024-06-28,1361.34,865.67,0,0
9826,5684,2020-01-31,423.56,31395.66,0,0
9827,5575,2023-11-22,746.89,2991.87,0,0
9828,5577,2021-03-05,1282.7,39540.99,0,0
9829,5295,2023-06-05,225.0,26991.86,0,0
9830,5723,2020-01-30,345.86,30137.99,0,0
9831,5621,2022-08-03,1487.73,9832.15,0,0
9832,5794,2020-10-05,564.51,26954.62,0,0
9833,5684,2020-12-22,1468.21,1728.8,0,0
9834,5012,2022-12-28,437.29,33513.03,0,0
9835,5918,2021-04-07,669.42,6784.96,0,0
9836,5333,2023-12-16,1178.73,27894.32,0,0
9837,5220,2023-01-11,1055.11,8979.22,1,35
9838,5398,2023-05-28,955.46,2738.13,0,0
9839,5342,2021-09-29,888.87,19259.75,1,47
9840,5798,2022-02-25,1296.47,6771.45,0,0
9841,5512,2023-08-11,505.43,29177.76,0,0
9842,5172,2022-08-03,775.21,9502.63,0,0
9843,5468,2022-01-15,402.09,13698.9,0,0
9844,5748,2022-08-15,974.72,22697.57,1,44
9845,5987,2024-01-16,525.71,11398.73,0,0
9846,5166,2020-07-04,633.99,15119.52,0,0
9847,5699,2020-10-04,812.63,32624.87,0,0
9848,5170,2023-05-12,234.8,7168.39,0,0
9849,5564,2021-01-09,319.52,3288.06,0,0
9850,5512,2022-12-22,1091.71,13134.31,0,0
9851,5831,2021-01-21,757.66,16975.07,0,0
9852,5189,2023-01-26,1324.23,21706.37,1,11
9853,5120,2024-08-29,1103.07,14896.95,0,0
9854,5105,2021-11-19,210.53,31596.47,0,0
9855,5674,2023-12-15,1001.73,1572.78,0,0
9856,5807,2021-02-11,321.84,17270.7,1,10
9857,5041,2022-01-23,1215.21,15290.24,0,0
9858,5889,2022-05-25,1488.96,25903.14,0,0
9859,5876,2024-12-11,890.56,38651.05,1,18
9860,5677,2024-07-25,1087.61,20415.02,0,0
9861,5321,2020-03-25,508.51,39475.07,0,0
9862,5886,2023-07-29,768.88,12089.98,0,0
9863,5335,2022-02-12,1312.92,1234.73,1,22
9864,5160,2020-12-15,417.65,6626.53,1,43
9865,5264,2020-11-17,545.2,15805.0,1,55
9866,5865,2021-04-11,779.06,12653.36,0,0
9867,5530,2021-06-29,1125.92,3882.17,0,0
9868,5685,2023-11-30,688.65,17306.4,0,0
9869,5477,2021-12-20,1406.05,13524.63,1,60
9870,5352,2020-10-02,322.79,4904.77,1,51
9871,5545,2021-11-14,682.05,11844.69,0,0
9872,5773,2022-06-02,1121.64,35457.44,0,0
9873,5210,2023-03-20,493.78,12081.95,0,0
9874,5496,2021-02-28,1053.34,28558.22,0,0
9875,5895,2022-05-29,413.48,24481.88,0,0
9876,5842,2021-01-05,272.77,17087.25,0,0
9877,5382,2021-01-06,357.32,9561.03,0,0
9878,5676,2023-07-05,1408.98,14760.59,0,0
9879,5481,2020-04-21,917.28,23684.29,1,50
9880,5919,2021-02-08,1235.25,14030.13,1,17
9881,5936,2023-06-24,632.45,8595.86,1,35
9882,5005,2022-07-11,970.46,4658.51,0,0
9883,5034,2020-11-19,843.44,35190.68,0,0
9884,5792,2022-01-14,1429.46,17612.52,0,0
9885,5145,2023-06-27,1171.85,25008.33,1,54
9886,5351,2022-04-08,1149.71,19616.41,0,0
9887,5583,2022-11-02,260.26,34902.66,0,0
9888,5465,2021-10-09,914.57,21877.39,0,0
9889,5348,2021-11-24,807.09,19231.26,1,18
9890,5742,2021-10-18,1406.19,36984.04,0,0
9891,5125,2022-02-12,534.54,28787.58,0,0
9892,5790,2021-11-28,550.78,4462.0,0,0
9893,5271,2020-01-20,734.75,7108.18,1,2
9894,5357,2020-09-09,516.38,31484.91,0,0
9895,5527,2022-12-29,367.94,33434.05,0,0
9896,5754,2022-07-15,1314.64,21807.63,0,0
9897,5498,2024-08-18,925.76,22178.21,0,0
9898,5153,2021-11-09,1319.77,25277.32,0,0
9899,5053,2024-10-02,1280.48,17564.63,0,0
9900,5149,2023-11-29,566.66,27207.96,0,0
9901,5503,2022-09-15,912.06,4339.25,1,2
9902,5870,2024-09-26,308.18,38451.17,0,0
9903,5450,2022-06-21,1389.83,30006.19,0,0
9904,5219,2024-05-18,725.54,25246.97,0,0
9905,5625,2023-07-19,711.78,12652.88,0,0
9906,5800,2024-10-21,593.58,6438.22,1,13
9907,5277,2020-07-16,798.86,16373.72,0,0
9908,5452,2024-12-21,527.29,26463.07,0,0
9909,5428,2020-05-19,687.31,25348.39,0,0
9910,5083,2023-04-24,1239.93,15305.65,0,0
9911,5962,2020-02-14,1284.53,24531.46,0,0
9912,5218,2024-03-29,595.44,32549.93,0,0
9913,5738,2021-02-09,809.72,1051.39,1,6
9914,5782,2020-03-16,1335.97,18024.84,0,0
9915,5527,2020-12-18,268.48,30342.21,0,0
9916,5404,2022-07-30,1355.89,21845.78,0,0
9917,5290,2020-11-20,484.94,26059.04,1,23
9918,5420,2023-02-16,1082.1,20667.06,0,0
9919,5339,2021-06-07,957.32,39674.98,0,0
9920,5777,2023-01-12,918.82,2184.86,0,0
9921,5711,2021-06-01,1317.17,19641.79,1,46
9922,5670,2022-03-09,332.04,3656.66,0,0
9923,5845,2023-01-14,651.14,6391.42,0,0
9924,5987,2023-12-19,899.73,15321.53,0,0
9925,5959,2022-10-29,1254.68,6221.6,1,43
9926,5419,2021-01-23,481.38,38547.49,0,0
9927,5909,2020-01-25,1243.81,37871.59,1,52
9928,5207,2021-06-06,719.53,13444.39,0,0
9929,5686,2022-04-02,445.59,25589.91,0,0
9930,5696,2023-01-13,1186.68,21350.13,0,0
9931,5265,2023-08-27,318.17,32623.48,0,0
9932,5983,2024-02-23,869.2,25097.82,0,0
9933,5758,2024-12-10,283.04,10.1,0,0
9934,5036,2024-06-01,663.34,30526.98,0,0
9935,5373,2021-07-13,981.4,29873.92,0,0
9936,5488,2020-08-03,922.95,20388.91,0,0
9937,5259,2020-09-12,726.05,36116.76,0,0
9938,5994,2024-04-09,757.76,36337.85,1,18
9939,5531,2020-08-12,494.8,20956.47,0,0
9940,5924,2022-05-12,792.65,24319.53,0,0
9941,5023,2024-08-26,1439.23,39860.88,0,0
9942,5104,2020-04-12,1305.59,11952.81,0,0
9943,5241,2020-07-16,388.8,12984.69,0,0
9944,5903,2021-01-03,238.72,7310.96,1,9
9945,5873,2023-06-24,1413.58,35834.68,1,20
9946,5716,2021-06-26,884.77,29779.54,0,0
9947,5253,2023-12-24,899.19,4225.71,0,0
9948,5142,2020-06-13,1214.93,39270.69,0,0
9949,5814,2023-04-08,609.1,29238.47,0,0
9950,5655,2023-12-08,826.48,34020.88,0,0
9951,5451,2020-10-10,1459.26,1926.03,0,0
9952,5783,2022-05-29,1073.79,20198.44,0,0
9953,5307,2020-12-26,399.87,27943.93,0,0
9954,5984,2021-11-11,373.19,21717.86,0,0
9955,5500,2021-02-08,465.54,26665.9,0,0
9956,5622,2021-12-28,1196.73,32714.96,0,0
9957,5008,2022-05-19,583.99,14973.48,0,0
9958,5069,2021-04-26,227.81,33946.75,0,0
9959,5702,2022-10-10,1427.43,6516.64,1,0
9960,5691,2022-01-21,420.63,10835.44,1,26
9961,5575,2020-03-24,212.43,1733.82,0,0
9962,5068,2024-01-30,508.27,14577.07,0,0
9963,5718,2023-03-11,505.54,15196.38,0,0
9964,5912,2023-07-16,748.61,32210.82,0,0
9965,5980,2022-01-14,1396.51,26125.23,0,0
9966,5408,2020-07-06,1342.94,17468.9,0,0
9967,5518,2022-10-01,793.96,26084.56,0,0
9968,5119,2021-04-15,734.17,2111.33,0,0
9969,5825,2022-10-18,921.51,7210.86,1,42
9970,5031,2024-01-13,516.49,25077.91,0,0
9971,5518,2021-06-17,267.84,25654.67,0,0
9972,5483,2020-04-13,1420.99,30965.39,0,0
9973,5207,2020-12-11,442.71,16119.99,0,0
9974,5669,2020-01-12,457.92,28902.16,0,0
9975,5579,2020-03-27,814.2,27359.21,0,0
9976,5971,2020-09-18,839.1,38535.74,0,0
9977,5387,2022-02-20,223.96,8605.21,1,49
9978,5412,2023-02-28,392.34,22067.18,0,0
9979,5842,2020-11-04,691.6,24070.58,1,11
9980,5370,2021-07-06,1088.85,39945.92,0,0
9981,5353,2023-12-06,496.94,8047.37,0,0
9982,5944,2020-02-10,749.92,20928.72,0,0
9983,5336,2020-02-25,924.55,13847.41,0,0
9984,5891,2022-02-10,1355.17,21035.72,0,0
9985,5906,2022-05-24,623.89,9285.14,0,0
9986,5289,2024-04-13,373.63,1904.5,0,0
9987,5996,2022-10-27,836.05,22902.62,0,0
9988,5963,2024-10-05,1170.74,13434.17,0,0
9989,5965,2024-03-20,342.82,7277.66,0,0
9990,5140,2023-09-27,752.09,12957.42,0,0
9991,5953,2020-06-29,223.12,1971.21,0,0
9992,5300,2021-04-27,243.63,38017.69,0,0
9993,5013,2024-10-27,827.84,23245.92,0,0
9994,5664,2021-03-14,587.66,32590.75,0,0
9995,5428,2022-08-01,1298.64,16924.73,0,0
9996,5825,2024-06-12,982.8,36132.59,1,18
9997,5864,2024-12-16,790.11,19332.73,0,0
9998,5400,2024-01-31,730.32,22957.81,0,0
9999,5992,2022-08-19,846.42,19671.76,0,0
10000,5109,2023-02-23,252.57,29331.13,0,0
10001,5485,2020-07-06,1360.63,22666.24,0,0
10002,5888,2020-11-28,1497.79,10863.96,0,0
10003,5356,2021-08-13,435.93,5821.58,0,0
10004,5149,2022-08-15,356.5,24244.98,0,0
10005,5879,2021-06-05,386.65,19567.2,1,6
10006,5716,2024-05-11,1059.34,3839.03,0,0
10007,5307,2021-12-13,1059.87,15824.7,0,0
10008,5533,2021-12-08,1302.3,20591.06,0,0
10009,5060,2024-04-20,1177.37,33075.73,0,0
10010,5435,2024-05-19,784.6,3044.04,0,0
10011,5021,2024-05-24,996.71,13939.81,0,0
10012,5875,2024-10-26,1094.77,32906.24,0,0
10013,5382,2023-08-19,866.56,25936.96,0,0
10014,5245,2023-03-05,818.35,11598.33,1,40
10015,5902,2023-12-20,1038.63,33813.4,0,0
10016,5073,2020-01-11,924.72,19731.74,0,0
10017,5449,2022-05-20,1037.12,19934.08,0,0
10018,5076,2020-05-17,996.71,39063.49,1,56
10019,5698,2022-03-21,1134.96,37884.66,0,0
10020,5590,2024-02-01,1035.64,14341.31,1,50
10021,5390,2021-05-18,875.67,5623.17,0,0
10022,5577,2021-08-07,1086.34,13026.67,0,0
10023,5342,2022-05-09,784.33,1219.33,0,0
10024,5290,2023-10-17,514.17,830.72,0,0
10025,5568,2020-07-04,201.84,15820.89,0,0
10026,5331,2023-03-16,927.95,37640.79,0,0
10027,5259,2024-09-25,967.85,34854.29,0,0
10028,5426,2023-10-03,1463.66,20457.71,0,0
10029,5702,2022-05-12,669.92,22609.06,0,0
10030,5006,2021-03-07,712.37,237.34,1,23
10031,5006,2021-02-07,462.34,8620.05,1,24
10032,5191,2024-11-04,291.69,990.97,0,0
10033,5148,2022-03-05,1204.65,30181.58,1,17
10034,5405,2023-12-24,524.59,5825.83,0,0
10035,5258,2023-06-03,991.58,34761.88,0,0
10036,5730,2021-12-28,1094.1,25732.97,0,0
10037,5479,2024-01-14,812.61,9176.75,0,0
10038,5090,2024-10-17,1339.26,6308.81,0,0
10039,5824,2024-06-03,776.93,25104.99,0,0
10040,5864,2021-06-22,570.38,36033.48,0,0
10041,5010,2021-09-26,1364.82,28734.41,0,0
10042,5087,2022-03-28,1320.03,13941.87,1,45
10043,5762,2023-04-23,413.25,23495.34,1,29
10044,5838,2022-08-11,233.75,12430.47,0,0
10045,5151,2020-12-01,316.98,39965.98,0,0
10046,5988,2021-10-25,572.51,29953.57,0,0
10047,5625,2024-04-14,1463.94,24575.27,0,0
10048,5030,2024-10-29,926.07,16930.37,0,0
10049,5128,2023-02-28,685.24,24726.09,0,0
10050,5078,2022-08-19,1355.33,13664.64,0,0
10051,5421,2021-07-27,789.08,1154.59,0,0
10052,5055,2020-05-04,609.81,15803.54,1,25
10053,5480,2021-04-27,1423.59,37219.23,1,57
10054,5305,2021-08-16,1304.37,25052.04,0,0
10055,5546,2024-02-27,1296.77,3358.23,0,0
10056,5105,2023-10-07,865.97,35399.74,1,56
10057,5172,2021-12-01,1226.27,10754.99,0,0
10058,5499,2022-03-24,433.16,9750.78,0,0
10059,5022,2021-03-16,945.19,11883.64,0,0
10060,5287,2024-11-01,1479.0,23088.09,0,0
10061,5391,2020-01-12,578.25,21787.52,1,16
10062,5617,2023-07-04,1232.66,19656.55,0,0
10063,5149,2020-08-27,837.62,28701.47,0,0
10064,5272,2021-01-08,251.75,12661.51,0,0
10065,5788,2020-11-23,1191.93,31282.58,0,0
10066,5299,2021-04-01,419.14,7012.87,0,0
10067,5172,2021-02-24,1020.92,31304.83,0,0
10068,5047,2023-05-15,311.36,26552.4,0,0
10069,5626,2020-07-13,1430.93,27328.33,0,0
10070,5787,2021-09-17,579.24,19262.14,0,0
10071,5816,2024-11-08,494.4,26680.06,0,0
10072,5992,2021-05-31,367.88,3191.88,0,0
10073,5207,2020-01-28,1429.8,34062.04,0,0
10074,5453,2024-04-07,1125.47,2221.89,0,0
10075,5395,2022-05-19,1164.16,5949.66,0,0
10076,5975,2021-01-26,849.23,23071.59,0,0
10077,5925,2024-07-21,817.15,29576.46,1,23
10078,5754,2022-12-08,343.03,3050.06,0,0
10079,5301,2020-10-19,927.79,36830.59,0,0
10080,5708,2022-01-11,520.99,38944.31,0,0
10081,5676,2023-04-24,1470.29,24238.01,0,0
10082,5176,2022-10-26,1235.56,19249.74,0,0
10083,5855,2020-12-04,736.89,29655.8,0,0
10084,5783,2022-02-17,396.74,13134.29,0,0
10085,5110,2021-11-09,1220.93,19730.58,0,0
10086,5684,2023-10-10,358.67,36646.04,0,0
10087,5963,2020-11-03,446.13,38226.22,0,0
10088,5864,2024-01-13,474.98,37082.76,0,0
10089,5202,2022-12-10,923.96,10497.92,0,0
10090,5168,2022-07-10,1223.17,9298.76,1,26
10091,5614,2024-03-15,608.61,11906.58,1,21
10092,5086,2020-11-02,310.07,17652.44,0,0
10093,5654,2021-06-06,803.9,12566.7,0,0
10094,5959,2023-11-18,1172.54,14968.51,0,0
10095,5849,2020-02-26,488.16,24825.48,0,0
10096,5725,2020-03-15,485.9,30501.03,0,0
10097,5051,2020-02-05,1431.4,29422.33,0,0
10098,5112,2022-08-06,1440.4,32576.94,0,0
10099,5463,2023-11-12,1487.61,1287.38,0,0
10100,5442,2024-08-27,1249.96,1909.35,0,0
10101,5271,2023-01-10,444.64,31575.32,0,0
10102,5577,2022-03-09,475.58,21323.15,0,0
10103,5344,2024-09-16,642.29,23125.63,0,0
10104,5183,2021-05-04,613.57,2103.47,0,0
10105,5503,2023-05-16,1443.49,10212.55,0,0
10106,5844,2024-02-21,1225.8,25534.17,0,0
10107,5010,2023-12-30,1141.21,34367.28,0,0
10108,5494,2024-09-24,441.75,36679.34,0,0
10109,5234,2020-07-05,1382.38,20016.78,0,0
10110,5298,2024-11-14,1276.23,21818.97,0,0
10111,5244,2024-10-21,412.73,33321.99,0,0
10112,5509,2021-11-20,1332.52,21504.98,0,0
10113,5351,2024-01-25,553.92,20674.34,0,0
10114,5267,2024-09-20,305.13,36203.36,0,0
10115,5630,2024-12-14,1053.87,31597.31,0,0
10116,5656,2022-09-13,1049.95,36362.9,0,0
10117,5893,2020-09-24,323.41,8729.88,1,24
10118,5201,2021-05-21,614.51,20975.02,0,0
10119,5239,2023-03-17,1490.66,33698.89,1,29
10120,5334,2023-07-13,1081.95,4445.91,0,0
10121,5915,2024-01-13,1149.1,31786.49,1,5
10122,5415,2022-08-06,476.79,7318.94,0,0
10123,5969,2022-09-21,302.42,32324.75,1,54
10124,5484,2022-06-10,559.97,24480.04,0,0
10125,5437,2023-09-19,523.57,7729.44,0,0
10126,5999,2021-12-28,504.91,18934.17,0,0
10127,5246,2024-10-26,450.58,27276.21,1,32
10128,5858,2022-08-30,947.18,25354.12,0,0
10129,5008,2024-05-08,626.53,17089.89,0,0
10130,5152,2021-10-17,1266.45,35974.66,0,0
10131,5392,2023-06-24,439.13,20770.54,0,0
10132,5211,2023-05-02,804.02,20234.69,0,0
10133,5367,2024-04-16,217.76,2490.02,0,0
10134,5944,2024-10-09,826.19,36884.82,1,51
10135,5670,2024-07-04,272.59,7084.66,1,35
10136,5570,2024-06-13,1471.04,21133.79,0,0
10137,5086,2023-06-19,1227.77,32142.7,0,0
10138,5055,2021-03-10,837.14,8618.13,0,0
10139,5713,2022-11-14,312.56,21094.93,0,0
10140,5634,2024-10-12,970.18,9627.4,0,0
10141,5446,2020-02-20,1186.39,30387.8,0,0
10142,5620,2023-06-14,447.93,22573.65,0,0
10143,5304,2022-12-20,938.67,34239.03,1,30
10144,5132,2023-12-16,1258.47,35782.32,1,28
10145,5421,2021-06-01,1198.72,25949.34,0,0
10146,5904,2020-03-05,1243.89,29015.65,1,15
10147,5385,2024-12-16,1343.12,21968.8,0,0
10148,5988,2024-02-16,1418.99,15377.15,0,0
10149,5198,2024-03-25,727.18,25924.72,0,0
10150,5047,2020-02-25,939.4,36331.54,0,0
10151,5740,2021-05-08,1227.86,16667.22,0,0
10152,5757,2020-03-26,1106.28,12576.4,0,0
10153,5203,2020-04-18,1494.18,15537.48,0,0
10154,5261,2021-11-11,217.78,17415.91,0,0
10155,5690,2024-10-26,661.67,2942.44,0,0
10156,5024,2020-06-09,565.34,19937.67,0,0
10157,5687,2023-04-06,541.01,19772.57,0,0
10158,5786,2021-09-24,489.29,23537.75,0,0
10159,5340,2020-05-21,1121.86,14512.8,0,0
10160,5412,2023-06-03,310.19,24524.3,0,0
10161,5973,2021-03-21,1164.09,35128.65,1,55
10162,5261,2020-10-11,1101.45,38218.84,0,0
10163,5286,2024-08-29,526.05,23344.49,0,0
10164,5513,2023-07-14,528.68,1703.64,0,0
10165,5086,2022-12-17,1017.52,38769.44,0,0
10166,5850,2023-03-24,1190.82,28234.48,0,0
10167,5430,2023-04-01,1339.43,13438.55,0,0
10168,5581,2023-12-01,1307.78,5886.31,1,36
10169,5031,2020-05-06,1454.35,5736.74,0,0
10170,5710,2022-08-18,955.8,6709.78,0,0
10171,5603,2024-10-17,1381.25,1822.9,1,46
10172,5440,2021-06-18,1251.07,36086.17,0,0
10173,5985,2024-05-08,1363.07,21630.73,1,31
10174,5349,2022-10-04,215.11,27998.38,0,0
10175,5895,2020-10-24,1455.67,33124.34,0,0
10176,5412,2023-09-30,815.59,31661.64,0,0
10177,5528,2020-04-06,1237.64,35304.22,0,0
10178,5310,2020-09-21,365.37,38690.18,0,0
10179,5949,2021-06-12,714.72,17562.82,0,0
10180,5396,2024-03-25,552.9,38013.42,0,0
10181,5788,2020-06-17,579.16,28931.6,0,0
10182,5338,2020-09-25,360.23,2826.73,0,0
10183,5674,2023-11-05,1247.49,27271.32,0,0
10184,5437,2023-01-01,212.02,27468.67,1,12
10185,5704,2020-06-23,606.26,36234.42,1,39
10186,5663,2022-12-18,426.73,14917.29,0,0
10187,5365,2023-07-09,965.75,23396.46,0,0
10188,5923,2022-07-08,530.53,487.5,0,0
10189,5113,2020-01-22,536.7,13283.01,0,0
10190,5785,2023-10-19,834.84,2489.75,1,60
10191,5176,2023-11-04,1048.5,20874.92,0,0
10192,5149,2021-12-23,357.7,32697.91,1,21
10193,5178,2022-12-26,428.16,8257.71,0,0
10194,5936,2020-07-01,521.33,21097.64,0,0
10195,5382,2024-10-25,1465.87,8160.35,1,49
10196,5223,2023-08-02,716.3,4827.54,0,0
10197,5259,2023-07-02,978.69,20439.87,0,0
10198,5785,2022-11-13,514.01,3165.94,0,0
10199,5189,2024-11-02,837.6,23494.19,0,0
10200,5306,2024-10-23,296.35,1253.5,0,0
10201,5378,2023-02-14,245.16,4268.6,1,54
10202,5602,2023-01-09,809.35,21999.9,0,0
10203,5343,2023-07-07,718.26,23656.3,1,13
10204,5774,2021-03-09,377.94,1159.48,0,0
10205,5156,2023-07-05,1093.88,22935.07,0,0
10206,5712,2023-02-12,1490.77,33540.1,1,3
10207,5055,2021-11-15,714.34,28892.65,0,0
10208,5766,2023-08-05,1011.93,5247.4,0,0
10209,5442,2023-07-11,1451.87,23698.99,0,0
10210,5685,2021-04-27,1281.0,26890.1,0,0
10211,5200,2020-11-22,802.62,1489.25,0,0
10212,5403,2022-03-31,1158.74,34213.91,1,51
10213,5614,2021-11-23,366.58,36250.7,1,52
10214,5797,2022-05-05,865.74,34018.09,0,0
10215,5663,2021-11-21,562.78,32985.26,0,0
10216,5623,2024-01-30,409.51,29798.61,1,52
10217,5928,2020-01-31,754.17,25337.28,0,0
10218,5778,2022-04-19,370.32,27145.08,0,0
10219,5603,2021-08-09,1108.68,32255.81,0,0
10220,5177,2021-07-15,793.11,26499.94,0,0
10221,5449,2024-10-07,890.49,13109.08,0,0
10222,5743,2022-04-24,390.29,15038.44,0,0
10223,5541,2023-03-30,381.7,35882.3,0,0
10224,5955,2020-01-10,958.44,684.88,0,0
10225,5301,2022-06-01,1480.51,27952.82,0,0
10226,5707,2022-12-22,325.13,38191.1,0,0
10227,5307,2023-09-28,571.45,28249.13,0,0
10228,5751,2022-05-11,1330.3,39756.48,0,0
10229,5869,2020-01-23,293.95,27501.8,0,0
10230,5991,2020-02-03,1338.65,1374.52,1,7
10231,5896,2024-09-18,881.57,33080.4,1,50
10232,5267,2024-11-09,730.75,11385.2,0,0
10233,5214,2023-01-07,602.58,17842.29,0,0
10234,5594,2022-09-13,586.25,12483.68,1,13
10235,5640,2021-01-03,597.54,10742.16,0,0
10236,5483,2024-05-25,1350.24,17256.23,1,55
10237,5262,2022-02-27,1140.93,15150.06,0,0
10238,5067,2022-08-15,1070.64,25333.54,0,0
10239,5574,2022-04-18,1238.37,32526.05,0,0
10240,5133,2023-12-01,534.25,11883.55,0,0
10241,5649,2020-03-21,1003.46,8548.85,0,0
10242,5540,2020-10-17,798.09,26675.81,0,0
10243,5512,2024-01-03,1217.17,26812.8,0,0
10244,5211,2020-04-01,602.03,36045.25,0,0
10245,5988,2020-02-13,1036.13,637.83,0,0
10246,5987,2020-03-15,1346.88,34121.63,0,0
10247,5717,2020-12-19,722.8,20840.09,0,0
10248,5253,2022-12-20,286.61,24852.08,0,0
10249,5038,2024-04-28,870.87,3654.86,0,0
10250,5043,2022-11-03,649.76,17304.6,0,0
10251,5629,2020-07-11,1073.89,9092.1,0,0
10252,5405,2022-03-06,1436.34,10169.0,0,0
10253,5987,2021-03-02,831.29,20163.8,1,51
10254,5702,2024-04-27,806.05,32498.24,0,0
10255,5046,2022-01-03,1050.96,29751.24,0,0
10256,5454,2021-04-19,334.55,23640.0,0,0
10257,5678,2023-06-24,529.56,21576.73,0,0
10258,5305,2021-02-09,1394.67,17092.24,0,0
10259,5715,2020-05-18,1070.93,38908.4,1,22
10260,5233,2023-09-21,217.48,22407.7,0,0
10261,5245,2024-05-26,466.01,10158.66,0,0
10262,5721,2021-12-21,1087.69,9203.63,1,16
10263,5760,2021-12-12,1193.72,24454.12,0,0
10264,5295,2020-01-15,1291.82,20913.1,0,0
10265,5839,2023-03-21,579.83,307.91,0,0
10266,5383,2024-11-15,1410.34,33202.61,0,0
10267,5158,2022-03-08,918.83,28164.89,0,0
10268,5405,2020-09-07,1105.5,26473.17,0,0
10269,5001,2023-09-12,975.76,2751.23,0,0
10270,5217,2020-01-21,359.56,14482.23,0,0
10271,5928,2024-10-19,1452.05,37415.29,1,34
10272,5507,2024-06-06,359.74,34503.57,0,0
10273,5761,2023-12-01,531.35,11421.72,0,0
10274,5904,2021-08-31,1257.72,6282.36,0,0
10275,5581,2022-12-25,1004.18,17963.52,0,0
10276,5030,2020-06-17,1289.59,14233.22,0,0
10277,5627,2024-12-06,870.46,27289.06,0,0
10278,5520,2021-05-13,690.09,38657.39,0,0
10279,5881,2022-07-12,1398.4,14520.06,0,0
10280,5275,2022-10-05,247.13,2488.97,0,0
10281,5492,2024-06-16,1312.97,35904.56,1,60
10282,5827,2023-06-24,500.06,1517.99,0,0
10283,5951,2022-11-08,1303.36,38110.64,0,0
10284,5926,2021-10-08,380.96,26583.18,0,0
10285,5847,2023-05-31,954.28,37667.57,0,0
10286,5036,2023-10-17,1354.54,7986.39,0,0
10287,5311,2020-05-29,815.6,1627.99,0,0
10288,5044,2023-03-16,1170.54,19528.4,1,38
10289,5155,2021-08-02,1246.07,18024.94,0,0
10290,5077,2024-07-04,1157.44,13259.69,0,0
10291,5590,2021-11-01,1402.93,38306.26,1,47
10292,5613,2022-08-25,780.88,32903.35,1,33
10293,5438,2020-12-22,425.06,26463.28,0,0
10294,5432,2020-04-05,262.15,6514.33,0,0
10295,5542,2022-11-08,520.4,29372.94,0,0
10296,5039,2023-07-22,386.16,29080.5,0,0
10297,5239,2022-01-03,925.33,17002.73,0,0
10298,5013,2024-10-03,440.43,36991.44,0,0
10299,5122,2021-01-31,250.61,6679.12,1,54
10300,5144,2021-11-17,246.79,10693.5,0,0
10301,5684,2023-11-17,1281.04,2528.97,1,45
10302,5455,2020-12-06,968.88,31818.04,1,55
10303,5368,2024-06-13,665.51,24870.38,0,0
10304,5759,2023-04-06,1362.5,12597.61,0,0
10305,5247,2020-02-04,291.26,6552.55,0,0
10306,5923,2020-10-10,1474.42,1605.91,0,0
10307,5045,2021-12-28,1001.18,6669.82,0,0
10308,5765,2022-02-07,438.5,18131.39,0,0
10309,5375,2020-01-11,1082.79,9887.08,0,0
10310,5291,2023-03-02,1192.4,10359.29,1,19
10311,5207,2024-05-21,758.15,35023.05,0,0
10312,5924,2022-09-19,1320.12,20605.51,0,0
10313,5995,2023-11-20,395.95,29170.08,0,0
10314,5519,2024-09-25,562.49,1428.44,0,0
10315,5958,2022-11-23,321.54,14606.53,1,30
10316,5242,2023-01-07,474.14,19166.77,1,49
10317,5622,2020-03-29,510.35,7456.67,0,0
10318,5114,2020-03-06,1392.92,4807.66,0,0
10319,5819,2021-06-27,301.54,34812.15,0,0
10320,5302,2023-12-31,755.64,37577.27,0,0
10321,5276,2024-11-08,892.12,3152.27,0,0
10322,5096,2021-04-01,1368.3,13960.75,0,0
10323,5294,2024-02-15,1497.01,38331.43,0,0
10324,5701,2021-04-08,1179.4,3326.47,1,14
10325,5360,2023-11-23,1462.03,25745.65,0,0
10326,5288,2024-06-16,1223.23,38888.85,0,0
10327,5154,2024-01-09,1452.16,39128.95,0,0
10328,5570,2022-05-06,1119.45,18848.93,1,53
10329,5423,2020-12-14,303.69,6509.96,0,0
10330,5916,2023-08-01,722.5,8083.37,1,2
10331,5850,2024-02-07,1040.58,35584.06,0,0
10332,5050,2020-11-06,655.93,36467.32,0,0
10333,5207,2020-01-17,555.4,24315.19,0,0
10334,5564,2023-12-18,950.62,30647.06,0,0
10335,5854,2021-08-02,1413.55,29597.25,0,0
10336,5883,2024-11-08,245.48,26472.86,1,43
10337,5662,2022-07-02,1200.0,33091.08,0,0
10338,5565,2020-08-14,1139.55,27416.26,0,0
10339,5213,2022-10-12,1453.14,21360.09,0,0
10340,5066,2020-08-07,1409.92,9478.25,0,0
10341,5232,2020-05-18,1190.9,29755.53,0,0
10342,5885,2023-09-29,876.53,18937.51,0,0
10343,5811,2022-06-20,465.55,11791.67,0,0
10344,5850,2021-04-09,908.81,32077.85,1,24
10345,5663,2023-06-11,1194.96,27868.54,0,0
10346,5717,2020-12-19,1364.37,37493.58,1,57
10347,5320,2022-07-01,1226.63,6617.67,0,0
10348,5767,2020-06-10,453.85,25967.57,1,27
10349,5137,2021-08-15,979.59,9769.58,0,0
10350,5881,2021-03-07,631.83,36143.32,0,0
10351,5647,2023-03-04,211.97,3979.98,0,0
10352,5937,2024-02-08,460.29,26246.47,0,0
10353,5566,2020-09-20,347.19,31643.43,1,1
10354,5065,2020-10-16,1295.53,14196.71,0,0
10355,5514,2020-05-07,536.06,38165.52,1,51
10356,5132,2021-06-01,570.11,34029.23,0,0
10357,5334,2023-12-15,1447.92,11784.73,0,0
10358,5032,2021-02-17,692.81,301.64,1,32
10359,5868,2020-01-04,212.46,11866.29,0,0
10360,5898,2023-06-02,569.0,11252.42,0,0
10361,5872,2020-12-31,355.09,35598.58,0,0
10362,5498,2024-06-30,333.65,38684.85,1,41
10363,5243,2020-08-09,300.73,2817.6,0,0
10364,5192,2022-09-30,971.24,18851.79,0,0
10365,5142,2023-01-10,446.15,21933.28,0,0
10366,5660,2021-08-04,669.62,3716.47,0,0
10367,5601,2021-09-29,1320.62,15099.91,1,3
10368,5561,2024-03-25,751.64,12683.3,1,1
10369,5648,2021-04-27,1390.4,21442.25,0,0
10370,5988,2021-01-09,847.32,26447.64,0,0
10371,5191,2021-09-23,718.49,28139.4,0,0
10372,5942,2020-02-17,1175.51,5470.2,0,0
10373,5149,2022-02-13,295.13,32517.91,0,0
10374,5599,2020-09-03,316.32,27141.68,0,0
10375,5416,2021-01-05,1047.57,35563.0,0,0
10376,5520,2021-10-26,833.02,17973.44,0,0
10377,5735,2020-02-05,1227.54,35755.59,0,0
10378,5869,2021-02-05,1391.15,34630.96,0,0
10379,5016,2023-08-26,704.88,17536.37,1,36
10380,5808,2020-09-22,975.33,15245.73,0,0
10381,5106,2024-03-20,850.91,37312.48,0,0
10382,5283,2020-02-24,1476.09,28606.59,0,0
10383,5104,2023-09-10,1280.41,37129.81,0,0
10384,5361,2021-01-12,1385.26,31878.99,0,0
10385,5658,2024-05-22,530.64,24371.9,0,0
10386,5035,2023-07-08,1204.28,4634.11,0,0
10387,5113,2024-04-28,545.12,11659.23,0,0
10388,5308,2020-07-02,471.37,38753.7,1,53
10389,5911,2021-10-09,1427.55,12776.88,0,0
10390,5959,2020-05-19,225.1,3730.19,1,5
10391,5053,2023-12-08,1455.01,28302.13,0,0
10392,5859,2021-08-31,394.04,29360.17,0,0
10393,5081,2021-10-14,1265.27,11418.31,0,0
10394,5616,2023-09-10,558.7,11906.88,0,0
10395,5834,2022-01-03,655.91,18755.72,0,0
10396,5369,2024-10-04,481.79,871.56,0,0
10397,5242,2023-04-20,961.17,31572.92,0,0
10398,5031,2024-04-20,652.52,12683.55,0,0
10399,5829,2020-10-16,1054.61,34150.52,0,0
10400,5704,2022-04-20,220.34,32105.22,0,0
10401,5869,2024-03-11,283.69,26456.08,0,0
10402,5361,2022-03-04,329.56,12994.99,0,0
10403,5233,2021-09-30,744.69,20652.66,0,0
10404,5610,2023-03-03,1259.24,17793.17,0,0
10405,5034,2022-12-09,1354.63,13555.28,0,0
10406,5243,2022-04-03,518.25,33925.45,0,0
10407,5951,2023-07-13,946.68,19340.28,0,0
10408,5059,2020-12-29,1198.87,33308.92,1,9
10409,5771,2024-06-30,575.48,4208.74,0,0
10410,5529,2021-04-03,731.71,5640.99,0,0
10411,5078,2021-09-23,881.17,39092.81,1,55
10412,5718,2020-11-07,375.34,23510.74,0,0
10413,5302,2021-10-05,233.78,20390.79,0,0
10414,5678,2022-01-05,398.65,20926.24,0,0
10415,5803,2021-07-02,1014.91,8610.75,0,0
10416,5897,2022-04-25,295.7,28748.16,0,0
10417,5112,2020-04-21,446.61,3391.22,0,0
10418,5413,2024-03-02,639.21,22932.95,1,26
10419,5900,2024-01-21,301.23,22830.75,0,0
10420,5317,2022-10-03,449.21,36567.54,0,0
10421,5865,2022-10-27,1384.65,21047.31,0,0
10422,5145,2023-02-21,225.09,5482.51,1,19
10423,5668,2020-07-30,1049.46,22910.13,0,0
10424,5690,2023-04-12,699.73,3653.11,0,0
10425,5858,2021-03-21,1074.44,8151.75,0,0
10426,5648,2023-10-29,965.3,1244.34,0,0
10427,5930,2023-03-08,490.55,20531.74,0,0
10428,5827,2022-08-24,1301.37,3381.3,1,40
10429,5018,2023-11-17,839.52,18775.78,0,0
10430,5351,2022-07-07,1269.3,37317.8,0,0
10431,5955,2021-12-01,727.82,28790.46,1,37
10432,5155,2024-08-14,1480.09,3096.47,0,0
10433,5784,2021-04-16,1201.64,8968.39,0,0
10434,5506,2024-09-07,1455.74,26946.5,0,0
10435,5778,2020-07-30,868.62,35788.07,0,0
10436,5360,2024-04-01,815.8,1316.74,0,0
10437,5332,2022-10-08,1182.09,32498.05,1,1
10438,5918,2023-02-12,1344.38,22472.56,0,0
10439,5528,2024-08-10,1453.39,21843.65,0,0
10440,5012,2020-03-20,621.92,38312.53,0,0
10441,5075,2023-11-11,1238.32,29905.78,0,0
10442,5212,2021-03-21,473.84,34004.75,0,0
10443,5691,2023-03-01,909.25,14159.82,0,0
10444,5641,2023-09-27,433.8,22174.56,0,0
10445,5283,2020-04-14,651.62,24616.23,0,0
10446,5195,2020-04-01,1410.77,12863.36,0,0
10447,5780,2020-05-09,389.92,22809.92,0,0
10448,5030,2020-11-22,1022.12,9466.22,0,0
10449,5009,2023-09-05,970.84,5735.03,0,0
10450,5309,2022-06-06,356.96,14958.81,0,0
10451,5445,2023-06-16,623.77,29571.59,0,0
10452,5310,2023-12-04,931.88,36647.49,0,0
10453,5677,2022-06-09,443.33,18308.56,0,0
10454,5705,2024-12-29,1240.81,25712.95,0,0
10455,5426,2023-10-14,1463.8,4121.49,0,0
10456,5817,2021-09-17,479.19,36178.55,0,0
10457,5772,2024-01-15,442.99,22744.17,0,0
10458,5704,2024-08-22,791.42,31213.53,0,0
10459,5591,2022-03-27,1172.09,31777.65,0,0
10460,5691,2024-01-07,566.08,10259.22,0,0
10461,5091,2020-03-10,225.84,21166.98,0,0
10462,5456,2022-03-28,903.59,38419.19,0,0
10463,5444,2021-10-20,1443.58,3585.38,0,0
10464,5727,2020-08-24,708.66,27322.0,0,0
10465,5079,2023-03-12,746.17,38490.56,0,0
10466,5475,2023-09-24,1459.57,12023.08,0,0
10467,5927,2020-12-21,1102.99,34457.92,0,0
10468,5103,2022-10-12,1134.92,37346.3,0,0
10469,5623,2023-08-23,931.51,29883.45,0,0
10470,5456,2022-05-12,1466.99,9253.13,0,0
10471,5990,2021-12-16,1095.53,13360.03,1,50
10472,5314,2023-06-16,1363.54,1432.37,0,0
10473,5247,2024-05-25,1109.19,33258.13,1,52
10474,5234,2021-01-13,1155.65,33984.45,0,0
10475,5594,2021-02-18,577.53,25308.41,0,0
10476,5644,2023-02-06,594.52,14101.11,0,0
10477,5235,2024-02-21,1217.88,3072.44,0,0
10478,5790,2024-08-20,585.72,30122.3,0,0
10479,5387,2024-11-16,931.6,29061.05,1,3
10480,5847,2022-03-12,524.16,36504.1,1,18
10481,5611,2024-05-01,1262.08,29221.28,0,0
10482,5943,2024-06-24,343.65,33147.8,0,0
10483,5038,2020-12-05,1278.28,29838.18,1,18
10484,5161,2021-06-18,983.55,25227.49,1,44
10485,5462,2020-02-25,442.98,17078.66,0,0
10486,5944,2023-10-15,904.65,36084.69,0,0
10487,5449,2022-02-16,567.25,26038.74,0,0
10488,5117,2021-12-21,620.51,15934.21,0,0
10489,5241,2022-12-11,656.99,3338.77,0,0
10490,5026,2020-01-05,282.32,11628.19,0,0
10491,5648,2024-06-29,1481.75,21749.07,0,0
10492,5562,2022-12-02,241.0,11025.41,0,0
10493,5976,2024-02-14,1061.25,8849.41,0,0
10494,5806,2021-04-06,682.6,21095.74,1,50
10495,5906,2022-11-13,1039.81,6792.81,1,57
10496,5298,2024-06-20,663.12,32016.4,0,0
10497,5805,2020-04-26,1075.88,19374.73,0,0
10498,5154,2024-11-22,1148.01,22954.51,0,0
10499,5732,2023-10-04,1097.72,5895.33,0,0
10500,5652,2021-08-14,348.15,12983.05,0,0
10501,5468,2024-01-03,1053.96,16403.59,0,0
10502,5049,2020-09-21,563.98,32328.51,0,0
10503,5654,2021-04-02,237.44,30806.38,0,0
10504,5046,2022-08-12,739.28,8919.1,0,0
10505,5675,2024-03-12,763.61,24647.16,1,18
10506,5285,2023-07-12,807.33,9738.25,0,0
10507,5780,2020-08-18,1116.27,39529.89,0,0
10508,5628,2021-06-25,601.5,38084.96,0,0
10509,5082,2024-05-05,609.86,22530.59,0,0
10510,5044,2021-02-07,278.72,27956.1,0,0
10511,5706,2023-06-08,1092.87,32057.22,0,0
10512,5770,2020-02-13,938.17,28839.94,0,0
10513,5955,2022-04-13,654.25,27993.15,1,25
10514,5273,2021-04-25,1116.75,38342.16,0,0
10515,5394,2022-04-19,898.57,23858.24,0,0
10516,5786,2023-01-04,810.02,25452.11,0,0
10517,5790,2021-03-27,864.72,33970.75,0,0
10518,5595,2022-07-04,1027.25,26795.63,0,0
10519,5058,2024-05-02,1058.0,29317.3,1,41
10520,5565,2020-03-14,575.65,9366.75,0,0
10521,5001,2021-06-26,382.97,14850.68,0,0
10522,5216,2020-06-30,403.62,5892.05,1,2
10523,5317,2021-02-09,1031.21,20230.62,0,0
10524,5228,2022-12-21,1334.74,18229.1,0,0
10525,5473,2020-11-01,732.35,39886.51,0,0
10526,5484,2023-11-04,420.38,24448.35,0,0
10527,5766,2022-04-15,1183.58,31457.79,0,0
10528,5671,2020-08-12,1282.24,13360.59,0,0
10529,5287,2022-03-16,1344.76,33261.81,0,0
10530,5511,2022-12-27,988.88,24603.4,0,0
10531,5578,2024-08-09,1318.95,27879.69,0,0
10532,5915,2023-11-01,220.04,11777.23,0,0
10533,5821,2021-11-01,339.41,21945.54,0,0
10534,5972,2020-12-19,320.35,25361.48,1,30
10535,5458,2022-12-18,1126.39,23563.79,0,0
10536,5095,2021-04-28,290.46,36607.75,0,0
10537,5493,2023-08-07,845.27,35930.91,0,0
10538,5765,2021-10-26,814.52,38839.36,0,0
10539,5150,2023-04-09,603.91,26697.12,0,0
10540,5023,2023-02-06,1331.53,38876.57,1,28
10541,5756,2020-08-03,421.56,33299.12,0,0
10542,5215,2021-10-14,658.2,10833.29,1,56
10543,5399,2022-09-18,1206.42,17097.43,1,3
10544,5410,2021-11-21,239.55,9535.7,0,0
10545,5131,2024-04-20,1074.84,167.89,0,0
10546,5855,2024-11-11,1261.32,7521.95,0,0
10547,5148,2024-10-07,1411.95,162.42,0,0
10548,5381,2020-10-11,1339.19,28793.54,0,0
10549,5109,2024-02-02,615.2,17021.37,1,48
10550,5552,2020-04-27,962.27,12502.99,0,0
10551,5121,2022-05-12,300.48,30468.84,0,0
10552,5295,2022-09-02,535.23,33299.47,0,0
10553,5120,2021-02-21,322.49,39011.98,1,43
10554,5456,2022-11-12,609.74,25680.54,0,0
10555,5530,2020-04-13,1337.74,18461.16,1,54
10556,5169,2021-10-01,651.32,12210.57,1,21
10557,5710,2023-05-27,930.47,8892.73,0,0
10558,5923,2021-09-28,763.4,8517.04,0,0
10559,5996,2021-02-02,796.59,16367.57,0,0
10560,5143,2020-05-11,1460.44,39671.45,0,0
10561,5037,2024-11-29,585.0,34.15,0,0
10562,5698,2022-06-04,1015.52,7888.24,0,0
10563,5261,2024-10-23,746.08,7535.72,0,0
10564,5231,2021-03-30,279.49,28684.78,0,0
10565,5254,2023-05-20,836.13,14099.39,0,0
10566,5329,2024-06-26,1257.35,18290.43,0,0
10567,5903,2021-09-19,328.38,5944.97,0,0
10568,5297,2022-08-27,290.47,16199.88,1,8
10569,5980,2020-10-02,399.72,4127.99,0,0
10570,5010,2022-08-17,1193.72,21321.73,0,0
10571,5446,2022-12-11,1141.19,3917.53,0,0
10572,5922,2023-08-11,934.52,31620.34,1,23
10573,5836,2023-01-31,808.69,22664.07,0,0
10574,5230,2021-03-25,1354.82,28958.71,0,0
10575,5536,2021-03-13,1196.71,16740.66,0,0
10576,5078,2022-03-30,1255.52,15259.65,0,0
10577,5425,2022-01-02,1257.24,3928.36,1,30
10578,5193,2021-10-02,1035.53,20954.22,0,0
10579,5401,2021-07-13,795.42,20580.09,0,0
10580,5109,2023-11-14,1324.08,18724.08,0,0
10581,5792,2024-08-20,1403.81,29620.73,0,0
10582,5923,2020-11-01,230.95,33300.18,0,0
10583,5263,2022-08-13,267.02,30031.59,0,0
10584,5329,2023-06-20,1446.37,5754.63,0,0
10585,5363,2024-05-10,560.31,24882.38,0,0
10586,5867,2023-08-20,1335.38,3212.92,0,0
10587,5378,2021-02-10,705.43,27784.89,1,54
10588,5780,2023-03-22,354.83,15273.56,0,0
10589,5341,2024-05-08,304.58,5299.96,0,0
10590,5259,2023-02-01,403.46,34482.03,0,0
10591,5335,2024-06-17,524.86,24560.33,0,0
10592,5085,2021-12-24,835.07,14189.0,1,24
10593,5522,2020-04-14,1111.95,1229.09,0,0
10594,5801,2020-10-03,1482.32,21492.41,1,38
10595,5814,2023-04-21,773.96,36929.04,0,0
10596,5571,2021-08-30,873.64,23855.19,1,14
10597,5308,2024-08-25,878.36,38866.02,0,0
10598,5262,2021-03-03,901.26,5458.04,0,0
10599,5898,2020-12-30,873.06,22732.2,0,0
10600,5797,2024-01-28,211.41,31925.0,0,0
10601,5631,2022-11-21,202.24,21021.63,0,0
10602,5680,2020-02-15,326.97,3642.65,1,38
10603,5865,2021-09-13,332.02,23315.44,0,0
10604,5701,2020-10-21,1116.37,24469.52,0,0
10605,5452,2023-04-25,466.39,29148.37,1,2
10606,5251,2024-08-25,1363.13,30448.46,0,0
10607,5324,2020-03-26,1407.19,30830.91,0,0
10608,5925,2022-09-19,1468.66,26537.78,0,0
10609,5229,2023-10-14,1420.81,8632.45,0,0
10610,5702,2021-09-06,553.45,16169.43,1,35
10611,5828,2021-03-26,862.71,31045.2,1,50
10612,5636,2020-07-27,428.09,38137.08,0,0
10613,5596,2022-12-25,1248.07,3157.88,0,0
10614,5297,2024-06-17,1354.96,21421.47,0,0
10615,5727,2024-06-25,1306.68,12500.89,1,50
10616,5237,2022-07-12,763.38,9015.76,0,0
10617,5978,2023-12-15,1186.28,20232.43,0,0
10618,5625,2020-02-29,326.85,24243.57,0,0
10619,5217,2021-07-24,252.32,390.89,0,0
10620,5833,2023-04-23,1179.21,31208.26,0,0
10621,5246,2020-06-11,752.96,32795.29,1,0
10622,5448,2022-05-06,1494.21,38620.43,0,0
10623,5847,2020-09-12,326.43,7225.75,1,14
10624,5319,2020-02-12,1312.32,23782.1,0,0
10625,5994,2021-11-12,823.98,17065.01,1,42
10626,5432,2020-04-12,1275.3,13393.11,0,0
10627,5404,2020-04-11,1262.27,22625.34,0,0
10628,5886,2021-05-24,1390.79,31295.32,0,0
10629,5037,2020-06-15,587.21,922.11,0,0
10630,5576,2021-10-06,1434.74,38776.0,1,53
10631,5731,2023-02-11,397.17,32395.26,0,0
10632,5342,2020-12-16,306.56,30046.15,0,0
10633,5389,2022-02-11,761.1,30415.5,1,51
10634,5034,2024-11-21,1276.82,15562.43,1,50
10635,5039,2022-01-10,815.45,30064.82,0,0
10636,5579,2023-04-11,1278.07,15470.81,1,4
10637,5209,2021-11-22,1148.59,35948.27,0,0
10638,5830,2023-03-19,472.26,7088.9,0,0
10639,5856,2024-03-31,1433.55,11693.9,0,0
10640,5152,2023-09-15,279.02,22053.5,0,0
10641,5899,2023-01-24,1367.76,12768.44,0,0
10642,5365,2020-06-23,595.78,16969.49,0,0
10643,5199,2021-08-13,850.19,19696.91,0,0
10644,5601,2023-12-25,749.06,34254.13,1,39
10645,5760,2021-02-19,423.38,20927.69,0,0
10646,5835,2023-12-04,665.59,14498.39,1,25
10647,5079,2023-11-16,450.81,9909.45,0,0
10648,5477,2021-07-26,465.05,16347.04,0,0
10649,5434,2024-02-29,443.17,20629.44,0,0
10650,5797,2020-01-14,835.72,29844.59,0,0
10651,5842,2023-06-20,1237.31,4841.95,1,41
10652,5032,2020-09-15,939.66,8864.37,0,0
10653,5087,2021-09-03,1361.17,15186.16,0,0
10654,5551,2023-03-09,1027.51,14415.94,1,60
10655,5393,2021-06-09,1096.14,15669.92,0,0
10656,5613,2020-06-04,1067.89,31740.85,0,0
10657,5244,2024-02-10,784.3,12966.18,0,0
10658,5232,2023-11-03,1096.14,20075.93,1,32
10659,5910,2024-10-07,290.62,24956.28,1,6
10660,5580,2023-01-23,1317.81,9287.14,0,0
10661,5192,2020-07-01,1211.16,28747.82,0,0
10662,5916,2021-04-04,518.8,21884.45,1,45
10663,5540,2024-01-19,1198.44,17871.25,0,0
10664,5270,2023-06-10,216.44,32391.36,1,37
10665,5940,2023-05-22,482.42,9739.81,0,0
10666,5738,2024-09-05,284.68,35327.04,1,43
10667,5077,2020-07-03,1214.29,22441.95,0,0
10668,5735,2024-01-04,1182.64,24367.0,0,0
10669,5993,2024-06-05,1257.73,35002.36,0,0
10670,5884,2020-02-21,205.83,32703.31,0,0
10671,5167,2022-05-31,851.6,24062.48,1,44
10672,5284,2022-09-12,1116.29,30127.51,0,0
10673,5704,2023-07-09,402.02,17332.78,1,36
10674,5089,2022-03-13,1044.73,21895.11,0,0
10675,5544,2021-12-11,309.34,2482.81,0,0
10676,5649,2021-04-03,435.72,3594.32,0,0
10677,5156,2021-01-28,818.54,33177.02,0,0
10678,5250,2020-02-09,1049.63,2386.87,0,0
10679,5095,2024-08-02,389.63,6775.97,0,0
10680,5017,2020-10-13,440.79,31833.31,0,0
10681,5117,2024-09-28,465.78,45.84,0,0
10682,5983,2024-06-04,510.31,11296.17,1,56
10683,5333,2020-09-12,494.52,23361.55,0,0
10684,5823,2024-09-28,713.69,23818.0,0,0
10685,5522,2023-03-06,1049.93,31086.12,0,0
10686,5080,2022-05-30,769.44,20237.05,1,56
10687,5646,2022-06-17,1208.77,20376.07,0,0
10688,5432,2024-03-12,1135.05,29012.42,0,0
10689,5203,2021-11-16,364.48,19944.98,0,0
10690,5116,2020-12-19,263.49,24339.64,0,0
10691,5963,2024-12-16,1341.32,35910.96,0,0
10692,5220,2021-04-28,303.78,16058.04,1,41
10693,5253,2024-12-09,392.84,15405.0,0,0
10694,5169,2020-03-04,228.77,141.96,0,0
10695,5847,2021-06-26,1016.84,24537.05,0,0
10696,5316,2021-05-17,957.08,1190.88,1,49
10697,5717,2021-07-06,1482.97,20165.94,0,0
10698,5810,2022-10-19,1353.01,32169.35,0,0
10699,5372,2021-07-03,734.1,21996.84,0,0
10700,5760,2020-01-13,683.06,10785.45,0,0
10701,5877,2024-04-14,585.91,31446.74,0,0
10702,5977,2021-10-26,398.13,10788.68,0,0
10703,5583,2023-12-29,379.51,29321.27,0,0
10704,5156,2023-10-02,371.97,24410.34,0,0
10705,5614,2020-01-20,348.35,6799.85,0,0
10706,5013,2023-03-20,512.67,36205.35,0,0
10707,5508,2022-03-16,598.67,8025.75,1,1
10708,5465,2022-01-05,1450.05,39583.48,0,0
10709,5783,2023-05-01,952.02,292.42,0,0
10710,5804,2021-07-19,1483.87,10539.34,0,0
10711,5220,2022-05-27,684.21,7994.41,0,0
10712,5015,2024-02-20,794.91,559.74,1,60
10713,5750,2022-10-29,621.95,29294.72,1,2
10714,5117,2022-12-19,437.75,27737.03,0,0
10715,5331,2021-02-13,386.11,31694.04,0,0
10716,5056,2024-03-26,1428.6,10267.94,0,0
10717,5351,2022-11-26,1482.85,17773.41,1,26
10718,5132,2021-04-17,258.38,26364.54,0,0
10719,5995,2023-02-14,395.45,17590.74,0,0
10720,5226,2023-08-12,750.58,27893.03,0,0
10721,5308,2020-03-04,442.23,25358.94,1,12
10722,5475,2022-11-28,673.04,4585.91,0,0
10723,5906,2021-12-19,367.83,31241.72,0,0
10724,5222,2023-04-07,793.47,28827.05,0,0
10725,5173,2021-01-01,553.2,26233.38,0,0
10726,5340,2023-12-31,657.48,6203.74,0,0
10727,5797,2023-07-23,322.61,10719.86,1,3
10728,5506,2023-03-12,756.57,15727.08,1,17
10729,5821,2020-01-11,1478.23,11197.18,0,0
10730,5157,2022-08-08,627.48,9112.41,1,20
10731,5151,2023-07-22,1339.36,32214.31,0,0
10732,5697,2024-08-19,1296.16,25529.29,0,0
10733,5178,2021-12-23,1437.68,22618.89,1,58
10734,5533,2024-05-27,1227.14,9038.11,0,0
10735,5112,2022-02-24,1057.48,36723.06,0,0
10736,5683,2020-11-25,1313.56,7647.32,1,18
10737,5138,2020-03-07,298.34,31798.04,0,0
10738,5233,2024-12-04,801.68,38666.91,0,0
10739,5332,2023-04-27,1486.03,29083.71,1,42
10740,5542,2022-04-25,1200.48,39714.35,0,0
10741,5893,2021-03-28,1450.7,26042.04,0,0
10742,5307,2024-04-21,1213.52,8698.41,0,0
10743,5161,2022-09-02,1337.35,8152.78,0,0
10744,5402,2022-01-25,1118.49,12982.57,0,0
10745,5590,2023-12-06,1188.65,285.2,0,0
10746,5278,2020-08-18,880.13,27267.94,0,0
10747,5320,2021-11-12,1401.51,10746.71,0,0
10748,5533,2021-09-10,1272.55,32607.33,0,0
10749,5897,2023-09-12,1297.05,14366.91,0,0
10750,5497,2020-07-08,1074.91,19198.26,1,55
10751,5363,2024-05-20,595.95,38627.56,0,0
10752,5372,2022-03-08,246.32,9686.88,1,19
10753,5892,2021-01-17,1416.35,28850.16,0,0
10754,5655,2020-02-11,961.96,30204.71,0,0
10755,5036,2020-08-11,587.59,8839.93,0,0
10756,5303,2024-12-15,393.88,20039.87,0,0
10757,5438,2021-09-04,1278.38,14008.08,0,0
10758,5726,2023-06-06,1287.48,30876.25,0,0
10759,5032,2023-06-27,1258.86,24899.33,1,11
10760,5186,2023-05-18,1038.61,19039.32,0,0
10761,5174,2020-04-11,675.82,31174.53,1,50
10762,5566,2020-01-23,595.29,9406.22,0,0
10763,5673,2020-07-16,211.12,30144.88,0,0
10764,5250,2020-04-11,1283.69,34614.97,0,0
10765,5763,2022-11-23,313.66,35144.86,0,0
10766,5935,2024-04-07,1019.98,31346.94,1,26
10767,5279,2024-10-12,855.3,16320.57,0,0
10768,5683,2021-05-14,884.7,39272.32,0,0
10769,5695,2024-10-09,1404.73,15183.75,0,0
10770,5002,2024-08-31,241.1,25545.02,0,0
10771,5194,2021-04-24,1205.41,6442.97,1,25
10772,5166,2023-10-29,267.67,39217.96,0,0
10773,5759,2023-08-02,249.6,28159.44,0,0
10774,5925,2022-02-27,758.76,30135.1,0,0
10775,5756,2024-10-04,282.0,2631.07,1,19
10776,5110,2022-05-22,1225.89,30536.71,0,0
10777,5380,2023-11-27,888.43,30988.94,0,0
10778,5835,2023-07-04,237.75,26870.91,0,0
10779,5999,2020-09-02,252.65,11676.38,1,1
10780,5583,2021-07-26,996.47,19587.6,0,0
10781,5676,2022-07-03,1247.95,4417.37,0,0
10782,5285,2024-05-10,769.14,18863.48,0,0
10783,5887,2023-06-25,920.95,9752.95,0,0
10784,5421,2021-12-31,1239.78,13963.88,0,0
10785,5113,2023-04-16,993.66,6504.02,0,0
10786,5228,2021-01-06,492.19,9202.17,0,0
10787,5471,2021-02-15,996.97,3062.75,0,0
10788,5813,2020-12-10,1016.76,36796.05,0,0
10789,5528,2024-03-12,1154.34,21216.43,0,0
10790,5496,2022-07-30,1007.14,15869.68,1,32
10791,5031,2020-06-13,1460.01,21401.17,1,24
10792,5162,2023-12-16,456.47,25131.73,0,0
10793,5818,2021-08-10,1436.42,36875.15,0,0
10794,5705,2024-12-15,899.84,7147.72,1,10
10795,5722,2023-03-24,1073.54,11822.1,0,0
10796,5378,2023-02-02,329.3,39031.57,0,0
10797,5446,2020-12-31,694.75,14847.72,1,38
10798,5744,2023-08-11,1200.19,902.47,0,0
10799,5427,2024-09-02,1118.98,5905.74,0,0
10800,5696,2020-01-08,252.18,1053.55,0,0
10801,5504,2023-01-23,910.57,39596.93,0,0
10802,5527,2021-12-22,314.76,11154.83,0,0
10803,5944,2020-07-12,1494.61,36941.71,1,17
10804,5817,2023-02-25,1366.49,39835.45,0,0
10805,5721,2022-06-16,227.4,23993.65,0,0
10806,5684,2021-05-01,1316.24,1327.85,1,14
10807,5778,2021-07-23,1395.26,3263.67,0,0
10808,5532,2024-03-02,659.61,19263.56,0,0
10809,5582,2022-03-26,1135.35,16246.88,0,0
10810,5520,2020-03-23,774.73,24247.09,1,35
10811,5941,2020-05-13,1051.8,17553.91,0,0
10812,5034,2023-09-15,642.41,37363.07,0,0
10813,5736,2022-03-12,619.33,21389.59,0,0
10814,5691,2022-07-24,751.76,27749.04,0,0
10815,5758,2020-12-24,389.24,35859.41,0,0
10816,5490,2024-04-18,1280.48,5874.88,0,0
10817,5772,2022-07-30,653.31,9189.39,0,0
10818,5620,2020-02-22,720.19,4292.75,0,0
10819,5754,2022-04-05,1362.27,5585.54,0,0
10820,5423,2024-07-17,845.61,20503.36,0,0
10821,5468,2023-10-22,907.53,12847.17,0,0
10822,5024,2021-01-09,1443.45,16926.91,1,18
10823,5216,2021-02-15,1352.74,39299.59,1,31
10824,5055,2022-03-10,420.31,6268.17,1,32
10825,5026,2023-07-21,815.18,21632.48,0,0
10826,5281,2023-09-06,1462.69,3954.85,0,0
10827,5804,2020-03-05,684.08,12739.85,0,0
10828,5327,2020-05-14,683.05,21101.04,0,0
10829,5970,2024-08-09,453.54,37865.27,0,0
10830,5186,2020-04-19,348.62,15649.13,0,0
10831,5495,2020-04-21,1162.4,2596.27,0,0
10832,5012,2022-03-27,1201.04,15526.46,0,0
10833,5641,2022-04-27,1459.72,5829.65,0,0
10834,5884,2021-07-14,1205.44,9199.58,0,0
10835,5434,2022-03-27,516.36,24723.62,0,0
10836,5921,2021-06-03,252.15,2696.95,0,0
10837,5208,2023-05-24,1481.07,18588.95,1,24
10838,5133,2023-02-23,642.59,24378.46,0,0
10839,5339,2020-10-18,605.56,16874.34,0,0
10840,5196,2022-04-26,1377.74,765.05,1,11
10841,5262,2020-08-10,960.63,39420.77,0,0
10842,5282,2020-11-13,479.33,14684.63,0,0
10843,5369,2023-11-04,1355.83,31143.09,0,0
10844,5103,2023-02-28,1491.37,13025.86,0,0
10845,5632,2020-02-23,312.68,19000.67,0,0
10846,5183,2021-06-07,1320.93,15538.55,0,0
10847,5423,2022-08-12,707.67,13701.57,0,0
10848,5009,2024-07-16,881.29,874.06,1,7
10849,5557,2023-02-27,1389.26,14400.84,0,0
10850,5244,2023-02-07,1465.39,35579.6,0,0
10851,5782,2023-03-25,540.81,27615.73,0,0
10852,5624,2022-09-06,476.71,5816.91,0,0
10853,5567,2024-01-08,304.67,23646.2,1,60
10854,5393,2024-07-16,930.34,35689.23,0,0
10855,5527,2024-01-12,217.69,28001.36,1,47
10856,5037,2024-02-06,735.47,5947.38,0,0
10857,5178,2023-10-11,295.4,34713.3,1,42
10858,5639,2022-05-14,726.79,12061.76,0,0
10859,5629,2020-09-24,251.91,18163.05,0,0
10860,5852,2022-06-03,1285.78,21045.71,0,0
10861,5072,2021-11-07,472.66,34020.26,0,0
10862,5352,2022-04-15,626.8,37264.3,0,0
10863,5623,2021-07-30,1331.06,37186.12,1,55
10864,5149,2023-08-12,1170.15,318.17,0,0
10865,5697,2024-03-23,484.75,36875.54,0,0
10866,5105,2022-04-03,293.47,2175.48,0,0
10867,5659,2023-02-02,1130.38,10630.95,0,0
10868,5221,2020-08-18,707.91,20599.51,1,59
10869,5826,2024-04-12,1195.9,19197.03,0,0
10870,5863,2022-07-05,778.88,24188.39,0,0
10871,5374,2024-01-13,649.8,19177.85,0,0
10872,5518,2024-02-29,786.57,37375.03,0,0
10873,5260,2024-11-13,1173.13,9621.95,0,0
10874,5299,2024-02-10,1372.89,10960.99,0,0
10875,5861,2023-08-29,264.7,36829.52,0,0
10876,5042,2024-02-08,881.35,3069.58,0,0
10877,5771,2020-07-05,242.69,24382.43,0,0
10878,5897,2024-10-11,808.93,27269.44,0,0
10879,5492,2024-11-21,1350.87,20221.67,0,0
10880,5439,2020-07-03,670.07,27769.28,0,0
10881,5783,2024-08-29,1412.19,6910.19,0,0
10882,5047,2021-10-28,1019.79,34105.29,0,0
10883,5085,2024-07-06,1414.4,5601.03,0,0
10884,5686,2021-11-28,1184.32,16032.5,0,0
10885,5058,2023-03-26,334.47,3010.3,1,56
10886,5991,2022-03-31,500.5,21808.44,0,0
10887,5711,2022-06-29,712.42,26789.83,0,0
10888,5209,2023-12-02,421.14,37648.87,0,0
10889,5248,2021-08-02,843.39,29573.45,0,0
10890,5211,2021-10-29,812.78,21644.12,1,20
10891,5039,2023-09-06,1443.14,37304.68,1,51
10892,5252,2021-10-18,763.85,19137.47,0,0
10893,5643,2020-07-02,1221.31,22448.23,0,0
10894,5926,2022-04-06,1424.48,23843.94,0,0
10895,5803,2021-10-13,1340.09,16399.19,0,0
10896,5762,2021-11-25,471.27,33539.31,0,0
10897,5953,2024-12-22,844.84,7407.04,1,48
10898,5413,2020-12-25,652.06,22193.69,0,0
10899,5946,2020-11-19,719.82,28889.33,1,31
10900,5446,2020-07-06,669.05,36159.05,1,11
10901,5052,2020-06-24,1274.27,35356.74,1,14
10902,5374,2020-05-24,787.78,20349.61,0,0
10903,5526,2023-09-15,880.8,25726.46,0,0
10904,5931,2021-04-14,1477.18,15769.51,0,0
10905,5156,2022-08-03,277.97,18727.11,0,0
10906,5954,2022-01-02,834.34,36250.63,0,0
10907,5542,2020-09-04,1206.28,37228.16,0,0
10908,5090,2023-12-07,396.51,35816.56,0,0
10909,5903,2024-12-28,994.99,5534.83,0,0
10910,5679,2020-11-23,511.3,34003.36,0,0
10911,5351,2021-03-10,1327.63,37934.55,0,0
10912,5069,2021-06-29,625.23,14449.99,0,0
10913,5163,2022-04-09,627.78,20745.85,0,0
10914,5242,2022-04-19,977.65,31163.81,0,0
10915,5495,2021-12-29,438.63,22483.13,1,35
10916,5383,2023-01-29,570.36,39739.34,0,0
10917,5052,2022-06-06,741.62,18228.53,0,0
10918,5654,2023-10-01,659.73,28557.71,0,0
10919,5063,2022-12-28,882.34,31703.65,0,0
10920,5509,2024-05-16,979.53,19764.02,0,0
10921,5292,2023-04-13,936.67,34279.35,1,22
10922,5091,2020-05-02,1050.42,21846.18,1,4
10923,5664,2021-11-06,600.07,16466.03,0,0
10924,5424,2024-12-21,364.35,4312.95,0,0
10925,5669,2022-07-17,1189.05,15736.54,0,0
10926,5821,2022-02-24,1306.01,29357.46,0,0
10927,5365,2024-07-06,534.11,36851.46,0,0
10928,5150,2022-06-08,729.22,10067.18,0,0
10929,5840,2024-07-04,848.14,14209.42,0,0
10930,5271,2024-02-25,893.32,6158.44,0,0
10931,5881,2022-12-31,1057.34,27628.92,0,0
10932,5581,2022-10-29,254.08,38407.54,0,0
10933,5116,2020-02-20,1137.92,25638.09,0,0
10934,5704,2022-08-17,280.56,24683.06,0,0
10935,5516,2022-08-14,808.78,22139.6,0,0
10936,5587,2024-09-24,1275.97,3538.23,0,0
10937,5914,2023-10-05,786.58,29180.15,0,0
10938,5810,2024-05-05,393.82,24081.98,0,0
10939,5241,2024-06-24,1480.54,26459.07,0,0
10940,5030,2023-10-08,1356.07,35952.44,0,0
10941,5143,2020-10-03,1202.71,31358.43,0,0
10942,5326,2020-10-28,734.97,31236.61,0,0
10943,5695,2021-06-26,439.0,37087.35,0,0
10944,5949,2021-06-13,1423.83,39597.4,0,0
10945,5016,2024-06-11,892.06,23251.31,0,0
10946,5111,2021-07-18,1308.06,4355.26,0,0
10947,5872,2022-05-25,644.72,18365.2,1,41
10948,5713,2021-06-05,635.87,31504.05,0,0
10949,5107,2023-05-03,1481.2,1109.01,0,0
10950,5379,2023-04-29,878.38,2275.5,0,0
10951,5162,2020-03-30,382.9,2686.31,0,0
10952,5283,2020-05-18,485.58,29241.43,0,0
10953,5269,2024-05-12,826.53,20046.67,1,55
10954,5484,2020-02-23,255.21,14755.92,0,0
10955,5667,2021-08-16,801.29,4224.68,0,0
10956,5073,2023-03-14,744.62,29289.61,0,0
10957,5197,2021-01-19,1213.14,12840.79,0,0
10958,5243,2022-03-27,661.42,10612.96,1,43
10959,5598,2021-05-11,1477.31,26092.77,0,0
10960,5799,2020-02-04,435.0,22360.44,0,0
10961,5259,2024-04-22,968.28,14496.43,1,16
10962,5798,2021-12-03,316.61,25659.5,0,0
10963,5149,2024-07-30,1154.02,10848.86,0,0
10964,5867,2021-08-01,1493.18,31793.21,1,20
10965,5390,2023-02-05,1264.88,9172.76,0,0
10966,5988,2023-10-17,922.41,6353.51,0,0
10967,5416,2021-02-24,830.16,31297.58,0,0
10968,5426,2023-04-27,1285.54,28315.68,0,0
10969,5997,2020-10-13,1416.77,7305.56,0,0
10970,5702,2023-05-14,1485.97,4649.83,0,0
10971,5217,2022-09-25,715.5,33535.96,1,31
10972,5928,2022-03-18,1488.19,31063.94,1,50
10973,5867,2021-07-07,402.7,13090.29,1,28
10974,5086,2021-06-09,529.61,26327.9,0,0
10975,5216,2020-02-28,315.72,4966.41,1,35
10976,5423,2024-12-22,553.26,20281.91,0,0
10977,5320,2023-12-20,1198.32,749.21,0,0
10978,5118,2022-03-25,1308.8,15664.08,0,0
10979,5926,2024-04-27,1212.56,2993.71,0,0
10980,5959,2021-11-24,1020.39,19005.89,0,0
10981,5882,2022-09-27,868.16,16867.27,1,49
10982,5992,2023-07-19,1121.32,17775.4,0,0
10983,5415,2022-09-03,708.08,1813.25,0,0
10984,5599,2024-08-16,1293.7,14464.65,0,0
10985,5040,2022-08-19,1080.35,30259.35,1,4
10986,5161,2020-06-25,1107.15,14756.57,0,0
10987,5703,2022-02-14,896.72,28606.88,0,0
10988,5537,2020-11-15,1350.8,14779.15,0,0
10989,5420,2023-04-22,527.62,16929.58,0,0
10990,5664,2022-03-23,695.49,22555.68,1,8
10991,5095,2023-06-13,1210.94,38027.28,0,0
10992,5442,2021-10-04,840.57,4354.42,0,0
10993,5935,2021-07-04,1355.98,1316.55,0,0
10994,5558,2022-04-06,650.32,24318.29,1,35
10995,5973,2020-03-06,680.13,37963.88,0,0
10996,5650,2021-08-21,1355.36,39588.93,0,0
10997,5983,2022-11-10,803.68,19366.57,0,0
10998,5466,2022-08-08,870.96,18723.26,0,0
10999,5288,2023-07-05,632.59,25798.55,1,18
11000,5865,2024-06-03,559.67,22225.39,1,4
