Loan_ID,Customer_ID,Loan_Amount,Loan_Term_Months,Interest_Rate,Loan_Purpose,Application_Date,Approval_Status,Default_Status,Monthly_Income,Credit_Score,Employment_Length,Marital_Status,Age,Region,Gender
5001,1059,48370,24,11.91,Education,2024-11-11,Approved,Paid,10828.833333333334,391,18,Married,24,North,Male
5002,1132,43396,36,10.15,Car,2023-01-05,Rejected,,2990.5,696,19,Divorced,39,East,Male
5003,1104,13328,24,12.97,Business,2022-07-10,Approved,Paid,2570.4166666666665,754,3,Single,9,Central,Female
5004,1195,20534,36,15.47,Education,2022-12-13,Approved,Paid,10096.5,677,9,Single,45,West,Male
5005,1413,24744,12,8.9,Business,2022-09-10,Approved,Paid,6738.333333333333,789,4,Married,5,Central,Female
5006,1489,24389,12,17.51,Business,2022-12-27,Approved,Paid,6546.166666666667,823,17,Single,36,West,Male
5007,1157,41320,36,11.96,Car,2021-12-21,Approved,Defaulted,6599.083333333333,804,17,Single,32,East,Male
5008,1098,40010,36,13.04,Personal,2024-11-26,Approved,Paid,9591.833333333334,784,2,Divorced,28,East,Female
5009,1226,19665,48,13.85,Home,2022-03-18,Rejected,,9467.25,448,9,Single,16,Central,Female
5010,1412,42865,12,13.67,Personal,2023-05-07,Approved,Paid,10414.75,477,9,Married,38,North,Female
5011,1205,13640,36,11.64,Education,2022-07-04,Approved,Paid,10583.75,587,5,Married,30,South,Female
5012,1079,39716,24,10.57,Personal,2022-08-30,Approved,Paid,8919.583333333334,398,15,Single,5,West,Male
5013,1124,30521,12,5.7,Education,2020-03-20,Approved,Paid,4400.833333333333,607,15,Married,30,Central,Male
5014,1471,35049,36,5.29,Education,2023-10-16,Approved,Defaulted,4528.0,537,3,Divorced,41,West,Male
5015,1428,10618,24,9.65,Home,2021-11-10,Approved,Paid,4740.083333333333,356,19,Divorced,41,South,Female
5016,1218,42004,24,9.34,Car,2024-05-26,Rejected,,7183.5,412,3,Single,33,West,Male
5017,1004,6920,24,10.04,Home,2024-03-25,Rejected,,3662.5833333333335,660,6,Single,29,West,Male
5018,1090,48937,24,6.8,Personal,2021-11-19,Rejected,,3902.1666666666665,658,4,Divorced,16,East,Female
5019,1104,9188,12,14.6,Education,2020-10-30,Rejected,,2570.4166666666665,754,13,Married,9,Central,Female
5020,1393,17207,12,16.14,Business,2024-01-10,Approved,Defaulted,6718.416666666667,502,13,Single,24,South,Female
5021,1119,5238,24,17.2,Business,2020-01-21,Rejected,,6237.25,472,11,Single,29,North,Female
5022,1133,37972,12,11.4,Education,2023-12-12,Approved,Paid,3155.5,404,5,Married,13,South,Male
5023,1312,15799,36,14.11,Home,2020-12-03,Approved,Paid,4786.75,520,1,Single,26,South,Male
5024,1096,10552,24,16.12,Car,2024-01-22,Approved,Paid,6323.0,530,9,Married,30,North,Female
5025,1468,33916,24,10.44,Home,2024-04-10,Approved,Paid,3787.25,463,17,Married,21,East,Male
5026,1434,9927,24,9.02,Education,2021-07-16,Approved,Defaulted,10447.333333333334,643,1,Married,26,East,Female
5027,1331,32964,36,17.18,Education,2023-06-09,Rejected,,10318.833333333334,318,3,Married,44,Central,Male
5028,1143,16164,48,11.7,Car,2020-08-04,Approved,Paid,2755.6666666666665,309,15,Married,43,West,Female
5029,1288,42158,48,11.46,Personal,2023-05-07,Approved,Paid,6675.25,717,10,Divorced,41,North,Male
5030,1028,24071,48,7.32,Personal,2024-04-27,Approved,Paid,9674.0,433,8,Married,39,West,Female
5031,1278,11160,36,6.41,Car,2020-01-22,Approved,Paid,3978.0,365,12,Divorced,38,Central,Female
5032,1233,20810,36,15.95,Personal,2022-05-10,Approved,Paid,12455.583333333334,555,15,Married,42,West,Female
5033,1017,10126,36,12.98,Business,2024-01-22,Approved,Paid,4285.083333333333,615,9,Single,11,South,Female
5034,1059,35009,24,9.24,Personal,2023-01-01,Approved,Defaulted,10828.833333333334,391,10,Divorced,24,North,Male
5035,1090,38584,24,7.49,Personal,2022-10-22,Approved,Paid,3902.1666666666665,658,9,Single,16,East,Female
5036,1492,30396,24,12.22,Personal,2023-05-18,Approved,Defaulted,2452.1666666666665,408,15,Married,23,North,Male
5037,1199,5192,60,12.59,Business,2021-05-09,Approved,Paid,3551.8333333333335,448,1,Married,34,West,Male
5038,1362,41413,36,7.69,Personal,2021-07-05,Approved,Paid,5278.5,648,2,Single,15,West,Male
5039,1441,17816,48,16.07,Business,2021-04-11,Approved,Defaulted,12384.916666666666,453,19,Married,24,North,Male
5040,1026,44082,24,6.1,Car,2024-02-04,Approved,Defaulted,3488.25,515,14,Single,26,North,Female
5041,1025,37130,36,9.63,Home,2024-03-21,Approved,Paid,4257.166666666667,457,8,Married,27,East,Female
5042,1394,45142,12,13.84,Car,2021-02-10,Approved,Paid,11638.916666666666,447,6,Married,46,East,Female
5043,1301,41468,24,8.56,Home,2021-05-01,Approved,Defaulted,3434.0833333333335,453,12,Divorced,11,North,Male
5044,1339,35698,48,15.76,Car,2022-02-01,Approved,Defaulted,3434.25,412,15,Single,37,West,Female
5045,1267,15655,36,14.62,Home,2022-02-08,Approved,Paid,9556.5,814,14,Married,23,North,Female
5046,1461,35075,24,15.26,Home,2021-03-27,Approved,Paid,6364.5,606,1,Single,33,Central,Female
5047,1181,14359,48,6.55,Education,2021-03-11,Approved,Paid,8026.0,819,11,Divorced,44,West,Male
5048,1456,41661,24,6.83,Home,2023-10-15,Rejected,,6686.916666666667,526,3,Single,14,East,Male
5049,1360,44579,60,8.72,Home,2022-07-27,Rejected,,6593.333333333333,846,19,Divorced,26,North,Male
5050,1068,47056,24,11.74,Education,2024-02-15,Approved,Defaulted,3612.8333333333335,766,18,Single,36,West,Male
5051,1495,38272,24,14.72,Personal,2021-12-19,Approved,Paid,4383.833333333333,461,2,Single,37,South,Male
5052,1351,47581,24,15.87,Personal,2023-12-02,Approved,Defaulted,9382.666666666666,374,7,Divorced,30,East,Female
5053,1412,19671,12,14.16,Education,2020-03-03,Rejected,,10414.75,477,8,Married,38,North,Female
5054,1459,32048,12,17.07,Business,2022-01-08,Rejected,,5810.333333333333,477,19,Married,41,East,Male
5055,1491,15738,36,14.6,Home,2024-07-30,Approved,Defaulted,11824.583333333334,428,15,Married,27,North,Female
5056,1321,30963,48,8.98,Home,2023-04-27,Rejected,,8071.166666666667,487,10,Single,7,South,Female
5057,1049,48954,48,8.45,Education,2021-02-15,Approved,Paid,6996.166666666667,782,1,Single,38,South,Female
5058,1175,11773,12,14.05,Education,2024-04-25,Approved,Paid,9087.5,839,6,Married,18,West,Female
5059,1052,41584,36,7.51,Business,2020-07-30,Approved,Paid,8671.916666666666,781,13,Single,42,West,Female
5060,1102,34894,12,6.21,Personal,2024-05-31,Approved,Paid,11983.75,391,14,Single,12,East,Female
5061,1216,5717,12,11.92,Car,2021-01-17,Rejected,,12271.5,587,3,Married,37,West,Male
5062,1438,16676,36,15.68,Personal,2024-11-23,Approved,Paid,3152.3333333333335,690,11,Divorced,43,Central,Female
5063,1188,9434,36,6.32,Home,2020-05-04,Approved,Paid,10888.25,522,3,Single,40,Central,Male
5064,1057,42825,12,15.29,Education,2023-08-07,Rejected,,3165.9166666666665,311,19,Single,14,East,Female
5065,1047,34100,12,15.55,Business,2021-05-07,Rejected,,10720.916666666666,680,10,Single,27,South,Female
5066,1159,9994,60,11.27,Personal,2022-11-28,Approved,Paid,12259.583333333334,342,15,Single,15,North,Male
5067,1489,9234,12,5.75,Business,2024-08-07,Approved,Paid,6546.166666666667,823,11,Divorced,36,West,Male
5068,1174,8764,36,7.27,Personal,2023-07-19,Approved,Paid,4435.0,798,15,Married,37,South,Female
5069,1242,48949,36,14.2,Home,2024-09-02,Approved,Paid,2770.3333333333335,582,13,Single,18,South,Male
5070,1282,42405,12,14.25,Car,2021-03-28,Rejected,,8718.583333333334,799,5,Married,11,South,Female
5071,1241,39872,24,16.68,Business,2023-06-27,Rejected,,11042.25,735,4,Single,31,Central,Female
5072,1370,47215,24,12.57,Business,2024-10-16,Approved,Paid,8814.083333333334,481,13,Divorced,27,West,Male
5073,1005,28185,48,6.61,Car,2020-03-17,Approved,Paid,2192.25,640,9,Married,27,West,Male
5074,1084,48442,36,6.58,Business,2022-08-02,Approved,Paid,3339.3333333333335,793,17,Divorced,17,South,Female
5075,1308,46153,36,14.37,Business,2020-08-28,Rejected,,6141.25,319,2,Single,31,South,Female
5076,1361,16999,60,7.39,Personal,2021-05-19,Approved,Paid,8301.583333333334,601,5,Divorced,5,East,Female
5077,1459,41487,48,9.27,Personal,2021-04-04,Approved,Paid,5810.333333333333,477,16,Divorced,41,East,Male
5078,1248,7581,36,11.33,Car,2022-11-09,Approved,Paid,9102.25,577,7,Single,30,South,Male
5079,1054,7763,36,5.32,Home,2021-09-14,Approved,Defaulted,3823.1666666666665,836,1,Single,23,East,Female
5080,1161,32374,36,8.23,Business,2020-03-30,Approved,Paid,10443.166666666666,734,12,Married,44,South,Male
5081,1434,43759,36,10.3,Home,2020-11-15,Approved,Paid,10447.333333333334,643,11,Single,26,East,Female
5082,1422,15531,36,8.64,Car,2023-05-28,Rejected,,3599.9166666666665,793,12,Married,26,North,Female
5083,1411,30307,36,6.77,Car,2023-10-08,Rejected,,2941.0833333333335,460,19,Divorced,35,Central,Male
5084,1226,35835,12,14.46,Personal,2021-04-18,Approved,Paid,9467.25,448,12,Divorced,16,Central,Female
5085,1015,16064,36,15.57,Business,2022-07-25,Approved,Paid,2178.3333333333335,442,12,Married,42,Central,Female
5086,1224,16312,24,8.35,Education,2022-11-25,Approved,Defaulted,3463.8333333333335,532,14,Single,19,North,Female
5087,1061,42548,12,15.07,Car,2024-10-08,Approved,Paid,5108.666666666667,831,2,Single,46,South,Male
5088,1122,41945,12,10.01,Business,2022-06-12,Approved,Paid,12299.083333333334,796,2,Divorced,41,West,Male
5089,1277,11476,36,11.59,Home,2024-06-11,Rejected,,4326.416666666667,530,4,Married,27,South,Male
5090,1046,29565,36,16.13,Personal,2022-05-19,Approved,Paid,10936.083333333334,537,16,Divorced,12,South,Female
5091,1453,7382,24,14.75,Home,2023-09-05,Approved,Paid,11137.25,553,10,Divorced,23,West,Female
5092,1390,27463,36,15.47,Car,2023-12-11,Rejected,,6031.416666666667,818,13,Single,11,East,Male
5093,1294,38402,36,6.78,Car,2023-04-25,Rejected,,8022.833333333333,400,2,Married,41,Central,Female
5094,1062,31345,24,5.91,Home,2020-10-11,Approved,Paid,4615.5,746,3,Divorced,41,West,Male
5095,1086,49764,36,16.61,Car,2023-10-20,Approved,Paid,11369.25,379,19,Single,28,West,Male
5096,1446,31946,48,10.04,Business,2020-01-26,Approved,Paid,5822.0,512,6,Divorced,35,East,Male
5097,1210,19162,48,8.74,Car,2022-08-13,Approved,Defaulted,7742.0,701,19,Divorced,27,Central,Male
5098,1078,13397,36,14.42,Personal,2022-07-23,Approved,Paid,10430.583333333334,382,19,Single,6,West,Female
5099,1202,27335,36,15.87,Business,2021-09-18,Approved,Paid,6509.75,459,8,Single,20,North,Female
5100,1302,19394,12,16.21,Education,2022-06-03,Rejected,,11545.833333333334,768,14,Married,24,East,Male
5101,1397,32197,24,9.11,Car,2022-07-07,Approved,Paid,3493.5833333333335,725,10,Divorced,30,South,Female
5102,1223,27010,12,16.08,Car,2022-12-07,Approved,Paid,8426.0,796,3,Married,31,South,Female
5103,1222,29123,60,5.53,Personal,2020-12-22,Approved,Paid,4645.833333333333,338,6,Single,25,East,Male
5104,1003,27387,12,5.65,Personal,2021-11-06,Approved,Defaulted,11626.333333333334,413,15,Single,39,West,Male
5105,1478,7890,24,13.11,Home,2023-01-26,Rejected,,3757.75,686,18,Divorced,12,South,Female
5106,1006,32769,48,5.82,Home,2022-01-17,Approved,Defaulted,8782.333333333334,748,14,Married,41,North,Female
5107,1093,48626,60,9.22,Home,2022-03-14,Approved,Paid,11385.666666666666,719,19,Married,18,South,Female
5108,1008,13026,48,13.75,Personal,2022-01-23,Approved,Paid,5035.666666666667,706,10,Divorced,20,West,Male
5109,1428,8306,12,9.38,Home,2024-06-11,Approved,Paid,4740.083333333333,356,15,Divorced,41,South,Female
5110,1493,38665,12,7.33,Home,2021-05-04,Approved,Paid,9486.583333333334,832,4,Married,34,Central,Male
5111,1235,14277,24,8.66,Education,2024-01-03,Approved,Paid,2096.5833333333335,644,2,Single,29,South,Female
5112,1108,47239,12,10.95,Home,2023-11-11,Approved,Paid,3694.75,704,3,Single,29,Central,Female
5113,1161,19683,12,11.18,Car,2023-06-12,Approved,Paid,10443.166666666666,734,7,Divorced,44,South,Male
5114,1209,5670,36,15.18,Personal,2023-12-30,Approved,Paid,4454.5,572,16,Married,5,Central,Female
5115,1240,28675,60,14.75,Business,2023-07-31,Rejected,,3436.4166666666665,762,10,Married,34,Central,Female
5116,1331,22889,24,10.94,Education,2024-06-16,Rejected,,10318.833333333334,318,19,Married,44,Central,Male
5117,1333,49535,36,15.99,Personal,2022-06-03,Approved,Defaulted,9886.25,649,17,Single,42,Central,Female
5118,1050,18006,36,6.49,Personal,2021-09-15,Approved,Defaulted,4422.0,324,19,Single,42,South,Female
5119,1011,31531,24,8.32,Car,2023-05-05,Approved,Defaulted,11951.5,610,5,Married,33,South,Male
5120,1351,26639,36,15.76,Home,2022-05-08,Approved,Defaulted,9382.666666666666,374,13,Married,30,East,Female
5121,1156,21633,24,9.91,Car,2020-10-03,Approved,Defaulted,3856.75,499,13,Divorced,33,North,Female
5122,1492,39660,12,17.76,Home,2023-12-18,Rejected,,2452.1666666666665,408,11,Divorced,23,North,Male
5123,1070,8439,48,11.06,Home,2021-03-12,Rejected,,2595.1666666666665,816,11,Married,37,South,Female
5124,1169,37172,12,15.3,Personal,2020-10-01,Approved,Paid,7199.0,527,16,Married,16,East,Male
5125,1272,40622,60,10.23,Home,2022-03-19,Approved,Paid,11797.666666666666,790,15,Single,17,Central,Female
5126,1068,16577,24,10.52,Education,2022-06-25,Rejected,,3612.8333333333335,766,17,Married,36,West,Male
5127,1355,16763,36,9.98,Education,2020-01-15,Rejected,,9391.416666666666,799,18,Divorced,5,South,Female
5128,1252,25176,36,14.35,Education,2023-01-25,Approved,Paid,6755.916666666667,318,19,Single,29,West,Male
5129,1048,49386,12,12.12,Personal,2024-02-26,Approved,Defaulted,8150.416666666667,735,4,Divorced,6,South,Male
5130,1184,29255,12,17.27,Car,2023-11-04,Approved,Paid,9569.416666666666,849,5,Divorced,12,West,Male
5131,1320,46003,36,8.26,Business,2024-05-17,Approved,Paid,4039.8333333333335,458,7,Single,43,Central,Female
5132,1187,24996,48,6.31,Home,2023-03-12,Approved,Defaulted,8854.416666666666,636,2,Divorced,14,East,Female
5133,1090,40386,48,10.11,Business,2023-07-06,Approved,Paid,3902.1666666666665,658,1,Married,16,East,Female
5134,1446,26062,36,13.02,Car,2020-01-28,Approved,Defaulted,5822.0,512,12,Divorced,35,East,Male
5135,1332,40931,48,16.19,Car,2024-04-15,Approved,Paid,12132.666666666666,731,10,Single,14,East,Male
5136,1139,40710,36,9.5,Personal,2023-06-10,Approved,Paid,12113.0,428,8,Single,40,Central,Male
5137,1357,39693,48,13.5,Education,2023-07-02,Approved,Paid,10783.083333333334,349,1,Single,38,Central,Female
5138,1089,40740,36,9.55,Education,2020-08-29,Rejected,,6161.083333333333,400,12,Divorced,38,Central,Female
5139,1274,16705,36,13.02,Car,2023-03-12,Rejected,,6330.083333333333,309,2,Married,44,North,Female
5140,1019,48408,48,16.5,Personal,2021-10-03,Approved,Paid,2385.8333333333335,543,10,Single,29,Central,Female
5141,1471,33047,24,8.01,Personal,2021-02-13,Approved,Paid,4528.0,537,17,Married,41,West,Male
5142,1311,15966,48,10.26,Home,2024-11-05,Rejected,,11162.0,815,3,Single,24,Central,Female
5143,1358,22374,36,17.91,Education,2023-04-01,Approved,Paid,12342.166666666666,553,7,Married,8,West,Female
5144,1374,16138,24,16.29,Car,2023-01-18,Approved,Paid,6449.083333333333,847,12,Married,8,Central,Female
5145,1466,20935,12,12.34,Business,2022-02-08,Approved,Defaulted,8835.75,775,8,Married,44,South,Male
5146,1154,5489,24,11.72,Education,2023-09-27,Approved,Defaulted,9893.166666666666,400,12,Single,44,West,Male
5147,1390,49516,36,8.7,Home,2020-06-22,Approved,Paid,6031.416666666667,818,3,Divorced,11,East,Male
5148,1260,27260,48,11.72,Personal,2022-03-26,Rejected,,8205.25,528,17,Divorced,23,Central,Male
5149,1108,31069,12,16.03,Car,2023-11-26,Approved,Paid,3694.75,704,9,Divorced,29,Central,Female
5150,1371,24275,48,13.91,Education,2020-11-30,Approved,Paid,8868.583333333334,663,10,Married,10,West,Female
5151,1285,41284,48,8.77,Business,2023-06-19,Rejected,,12179.666666666666,311,6,Single,9,East,Female
5152,1059,44178,24,7.62,Home,2024-08-06,Approved,Defaulted,10828.833333333334,391,1,Married,24,North,Male
5153,1125,37821,48,8.45,Home,2020-12-04,Approved,Paid,8570.166666666666,482,12,Single,13,South,Male
5154,1354,21999,60,7.21,Education,2021-05-04,Approved,Paid,7671.25,804,5,Married,36,South,Female
5155,1273,43712,48,6.24,Business,2024-10-16,Approved,Paid,4741.416666666667,772,13,Single,24,Central,Female
5156,1107,45172,48,10.45,Home,2023-12-27,Approved,Paid,11943.75,685,15,Single,43,North,Female
5157,1299,38722,60,6.47,Car,2023-10-09,Approved,Paid,2547.5833333333335,835,11,Single,45,North,Male
5158,1245,15625,36,7.23,Home,2024-04-06,Approved,Defaulted,5925.083333333333,387,8,Married,22,East,Male
5159,1336,6629,24,12.12,Business,2021-04-01,Approved,Paid,8363.083333333334,482,5,Divorced,26,West,Female
5160,1450,15973,48,7.14,Personal,2021-02-20,Approved,Paid,5732.583333333333,325,2,Married,16,North,Female
5161,1418,11859,36,5.83,Personal,2022-02-01,Approved,Paid,7249.75,342,12,Married,18,North,Female
5162,1247,46609,36,9.13,Education,2020-12-25,Approved,Paid,12211.166666666666,760,2,Single,34,South,Male
5163,1008,48307,24,7.86,Business,2024-08-16,Approved,Paid,5035.666666666667,706,16,Single,20,West,Male
5164,1141,41046,48,11.7,Home,2021-10-01,Approved,Paid,5643.916666666667,328,3,Divorced,41,East,Female
5165,1362,26839,12,6.33,Home,2020-05-02,Rejected,,5278.5,648,10,Divorced,15,West,Male
5166,1008,32216,60,14.77,Personal,2023-01-27,Approved,Paid,5035.666666666667,706,19,Single,20,West,Male
5167,1478,23945,24,16.78,Personal,2022-11-19,Approved,Paid,3757.75,686,8,Divorced,12,South,Female
5168,1352,11539,12,14.66,Car,2022-02-16,Approved,Paid,7659.5,436,7,Divorced,25,South,Male
5169,1484,38625,36,11.93,Personal,2023-02-01,Approved,Paid,3830.25,428,1,Single,32,East,Female
5170,1495,9886,12,16.19,Car,2020-01-06,Approved,Paid,4383.833333333333,461,12,Married,37,South,Male
5171,1094,12485,36,14.03,Home,2024-08-05,Rejected,,4209.833333333333,423,5,Divorced,41,East,Female
5172,1321,36455,60,5.14,Car,2023-02-10,Rejected,,8071.166666666667,487,16,Single,7,South,Female
5173,1427,21767,48,10.12,Car,2021-10-22,Approved,Paid,10649.75,411,4,Divorced,36,East,Male
5174,1039,33453,12,16.06,Education,2020-02-24,Approved,Paid,7084.25,836,17,Divorced,33,North,Male
5175,1081,15744,12,9.5,Personal,2020-06-19,Approved,Defaulted,2751.3333333333335,628,2,Single,32,North,Male
5176,1187,42102,48,5.46,Car,2020-01-08,Approved,Paid,8854.416666666666,636,12,Divorced,14,East,Female
5177,1084,17226,60,14.7,Home,2022-12-25,Approved,Defaulted,3339.3333333333335,793,1,Divorced,17,South,Female
5178,1088,32869,36,15.43,Business,2021-01-19,Approved,Paid,5459.166666666667,559,12,Divorced,22,Central,Male
5179,1242,27588,36,7.09,Car,2024-04-29,Rejected,,2770.3333333333335,582,12,Married,18,South,Male
5180,1342,18440,24,11.99,Personal,2022-10-21,Approved,Paid,7342.916666666667,417,12,Married,24,East,Female
5181,1093,36709,48,7.5,Education,2023-05-30,Approved,Paid,11385.666666666666,719,19,Divorced,18,South,Female
5182,1086,27495,36,14.35,Home,2020-03-27,Approved,Paid,11369.25,379,17,Single,28,West,Male
5183,1044,42019,24,8.53,Education,2024-10-29,Approved,Paid,8141.833333333333,409,11,Divorced,42,West,Female
5184,1137,49948,24,9.11,Business,2023-10-25,Approved,Paid,2897.0,692,13,Divorced,19,Central,Male
5185,1421,5922,48,15.98,Car,2022-05-25,Rejected,,11905.083333333334,828,8,Married,40,North,Female
5186,1074,32526,12,11.19,Car,2022-02-21,Approved,Defaulted,10305.666666666666,552,10,Married,10,West,Female
5187,1036,12957,24,13.71,Personal,2021-02-19,Approved,Defaulted,10234.0,765,8,Married,11,North,Male
5188,1101,38998,36,10.23,Car,2021-02-01,Approved,Paid,4341.916666666667,454,8,Divorced,22,East,Male
5189,1476,48395,12,8.87,Home,2024-09-10,Approved,Paid,6412.916666666667,567,9,Divorced,17,Central,Female
5190,1156,29031,12,13.13,Business,2023-11-09,Rejected,,3856.75,499,7,Single,33,North,Female
5191,1426,15006,48,7.01,Education,2021-11-27,Approved,Defaulted,5398.25,321,14,Divorced,22,South,Male
5192,1255,42701,48,9.85,Business,2020-11-04,Approved,Defaulted,9901.166666666666,329,2,Divorced,5,West,Male
5193,1171,30939,48,7.72,Car,2024-07-18,Rejected,,2933.9166666666665,698,11,Married,39,East,Female
5194,1469,25324,48,14.05,Education,2022-10-04,Approved,Paid,4619.25,784,8,Married,25,South,Male
5195,1216,27867,36,17.27,Personal,2020-05-03,Approved,Paid,12271.5,587,13,Married,37,West,Male
5196,1170,5203,48,17.94,Business,2020-04-08,Approved,Paid,11271.0,735,15,Married,12,South,Female
5197,1252,21544,24,10.85,Education,2021-06-16,Rejected,,6755.916666666667,318,3,Married,29,West,Male
5198,1360,20899,36,8.28,Education,2024-06-21,Approved,Defaulted,6593.333333333333,846,14,Single,26,North,Male
5199,1322,34063,60,10.76,Education,2023-01-23,Approved,Defaulted,9935.833333333334,359,15,Single,6,Central,Male
5200,1055,30344,24,16.01,Home,2022-11-25,Approved,Paid,6341.5,378,2,Single,17,Central,Male
5201,1456,8748,24,7.68,Business,2024-04-06,Approved,Paid,6686.916666666667,526,19,Married,14,East,Male
5202,1432,44486,36,17.38,Education,2021-09-13,Approved,Paid,10455.166666666666,734,12,Married,45,East,Female
5203,1091,6093,12,9.44,Business,2022-08-18,Approved,Paid,7752.166666666667,679,4,Married,7,West,Female
5204,1278,20228,12,17.82,Education,2024-02-15,Approved,Paid,3978.0,365,3,Single,38,Central,Female
5205,1101,25884,48,15.9,Personal,2021-05-10,Approved,Defaulted,4341.916666666667,454,5,Married,22,East,Male
5206,1155,30183,60,15.51,Personal,2024-02-08,Approved,Paid,8505.333333333334,307,3,Single,43,South,Male
5207,1377,21034,36,9.13,Personal,2020-01-14,Approved,Paid,4981.083333333333,641,15,Married,10,Central,Female
5208,1349,10710,12,5.11,Car,2023-02-13,Rejected,,3664.25,377,19,Divorced,15,Central,Female
5209,1451,47500,12,9.97,Education,2020-01-06,Approved,Paid,3079.1666666666665,746,2,Single,26,West,Female
5210,1364,24259,48,8.92,Car,2024-07-27,Approved,Paid,8655.0,373,12,Divorced,45,Central,Female
5211,1141,40959,36,5.49,Business,2022-04-19,Approved,Paid,5643.916666666667,328,5,Single,41,East,Female
5212,1173,38457,24,11.57,Car,2022-11-14,Approved,Defaulted,7719.0,690,17,Married,26,Central,Male
5213,1010,25143,36,10.24,Business,2022-03-16,Rejected,,9751.75,765,14,Married,24,Central,Female
5214,1228,7103,24,13.25,Business,2021-08-14,Rejected,,12244.083333333334,601,10,Divorced,43,East,Female
5215,1265,5365,36,13.08,Business,2020-04-30,Rejected,,8713.583333333334,428,3,Married,31,South,Male
5216,1438,49535,48,6.57,Car,2024-01-26,Approved,Paid,3152.3333333333335,690,4,Single,43,Central,Female
5217,1248,21103,36,17.7,Education,2022-02-06,Approved,Paid,9102.25,577,6,Married,30,South,Male
5218,1247,37510,36,7.43,Car,2022-02-28,Approved,Paid,12211.166666666666,760,16,Married,34,South,Male
5219,1155,29476,24,10.79,Education,2022-11-15,Approved,Paid,8505.333333333334,307,7,Single,43,South,Male
5220,1034,17742,48,11.35,Education,2022-08-04,Approved,Paid,6137.583333333333,704,15,Divorced,15,South,Female
5221,1499,17391,36,15.57,Business,2022-06-14,Rejected,,3025.6666666666665,546,11,Divorced,12,West,Male
5222,1129,41940,12,6.29,Car,2023-06-19,Approved,Paid,5164.666666666667,735,1,Married,21,West,Female
5223,1160,33901,36,10.57,Education,2022-06-28,Approved,Paid,2800.4166666666665,684,5,Single,35,West,Female
5224,1089,37001,24,13.17,Personal,2021-05-26,Approved,Defaulted,6161.083333333333,400,13,Divorced,38,Central,Female
5225,1093,20623,48,7.8,Education,2024-08-07,Rejected,,11385.666666666666,719,14,Divorced,18,South,Female
5226,1327,7378,36,13.16,Personal,2021-07-20,Approved,Paid,4566.333333333333,375,9,Married,25,West,Male
5227,1241,26372,60,17.01,Car,2023-06-26,Approved,Defaulted,11042.25,735,17,Single,31,Central,Female
5228,1323,49799,12,17.97,Car,2022-12-08,Rejected,,9226.333333333334,618,15,Divorced,24,West,Female
5229,1468,43437,48,5.42,Car,2020-06-17,Approved,Paid,3787.25,463,7,Married,21,East,Male
5230,1404,40503,36,8.06,Education,2023-02-23,Approved,Paid,11234.916666666666,381,12,Married,11,South,Male
5231,1117,35746,48,9.03,Home,2023-05-28,Approved,Paid,6490.583333333333,512,6,Married,18,West,Male
5232,1094,32923,24,10.19,Education,2022-05-21,Approved,Paid,4209.833333333333,423,16,Married,41,East,Female
5233,1163,14867,36,8.15,Education,2023-03-21,Rejected,,7636.166666666667,782,5,Divorced,13,Central,Female
5234,1099,46258,48,7.65,Business,2023-09-23,Approved,Paid,6409.916666666667,782,9,Single,12,West,Female
5235,1113,38724,24,17.41,Business,2022-10-15,Approved,Defaulted,6345.916666666667,312,14,Married,21,West,Female
5236,1359,14306,24,16.94,Education,2024-09-11,Approved,Paid,2529.5833333333335,725,8,Married,30,South,Male
5237,1091,44391,36,5.61,Personal,2023-04-04,Approved,Defaulted,7752.166666666667,679,14,Divorced,7,West,Female
5238,1346,19908,36,9.4,Business,2021-01-06,Approved,Paid,3917.0833333333335,559,12,Married,40,Central,Male
5239,1206,32081,24,10.27,Education,2021-05-12,Approved,Paid,10507.0,525,10,Married,39,Central,Male
5240,1017,42228,24,8.11,Home,2022-11-23,Approved,Paid,4285.083333333333,615,13,Single,11,South,Female
5241,1274,28386,24,13.18,Personal,2023-12-22,Approved,Paid,6330.083333333333,309,19,Married,44,North,Female
5242,1173,33302,48,13.32,Car,2021-02-25,Rejected,,7719.0,690,15,Divorced,26,Central,Male
5243,1116,24212,36,16.06,Education,2021-10-04,Approved,Defaulted,3078.6666666666665,792,8,Single,6,West,Female
5244,1349,40618,48,14.63,Education,2022-01-05,Approved,Defaulted,3664.25,377,10,Divorced,15,Central,Female
5245,1468,15698,60,12.05,Personal,2024-03-12,Approved,Paid,3787.25,463,3,Single,21,East,Male
5246,1181,9594,36,13.5,Business,2021-12-13,Rejected,,8026.0,819,3,Single,44,West,Male
5247,1091,30525,12,8.56,Business,2024-09-12,Approved,Paid,7752.166666666667,679,5,Married,7,West,Female
5248,1082,19282,12,12.71,Business,2024-12-18,Approved,Defaulted,2282.0,455,16,Married,43,Central,Female
5249,1324,19334,24,11.36,Car,2023-01-14,Approved,Paid,3098.3333333333335,510,17,Married,29,West,Female
5250,1449,34179,60,6.73,Personal,2023-08-14,Approved,Paid,3717.5833333333335,357,6,Divorced,5,Central,Male
5251,1114,11644,36,8.15,Personal,2023-06-12,Approved,Defaulted,3550.9166666666665,512,16,Married,31,West,Female
5252,1257,40618,24,8.79,Business,2021-12-08,Rejected,,3103.0833333333335,666,2,Married,5,North,Male
5253,1058,37933,24,17.02,Business,2024-11-19,Rejected,,7778.666666666667,427,15,Single,38,North,Male
5254,1154,48469,36,8.0,Home,2024-10-18,Approved,Paid,9893.166666666666,400,18,Married,44,West,Male
5255,1365,38687,36,8.76,Home,2022-01-31,Approved,Defaulted,2271.4166666666665,560,1,Married,31,North,Male
5256,1404,46073,24,9.8,Education,2020-05-21,Approved,Paid,11234.916666666666,381,19,Married,11,South,Male
5257,1116,22375,60,13.63,Education,2022-10-04,Approved,Paid,3078.6666666666665,792,12,Married,6,West,Female
5258,1343,35926,36,6.54,Personal,2021-05-22,Rejected,,7654.333333333333,460,8,Single,26,South,Male
5259,1266,41607,12,17.4,Personal,2020-01-01,Approved,Paid,6140.666666666667,560,6,Married,11,North,Female
5260,1315,22642,48,16.25,Car,2024-06-30,Approved,Paid,10437.666666666666,635,12,Single,8,Central,Male
5261,1203,28993,12,12.5,Car,2024-06-12,Approved,Defaulted,10749.166666666666,650,7,Divorced,8,Central,Male
5262,1041,49386,60,13.76,Home,2021-10-09,Approved,Paid,6759.583333333333,588,18,Married,16,Central,Male
5263,1105,26188,60,5.22,Education,2021-01-08,Approved,Paid,9308.166666666666,809,14,Married,33,North,Female
5264,1389,37596,48,9.41,Home,2020-08-18,Approved,Defaulted,10086.25,495,8,Married,14,South,Male
5265,1378,32772,48,15.34,Home,2020-06-01,Approved,Paid,6347.333333333333,519,14,Single,31,Central,Male
5266,1193,35857,24,6.01,Education,2021-06-23,Rejected,,7389.25,468,5,Married,15,North,Male
5267,1401,15776,60,8.67,Car,2021-02-04,Approved,Paid,6611.333333333333,464,9,Married,29,West,Female
5268,1278,37835,36,12.61,Education,2023-06-21,Approved,Paid,3978.0,365,8,Divorced,38,Central,Female
5269,1354,14788,48,8.33,Business,2021-10-03,Approved,Paid,7671.25,804,2,Single,36,South,Female
5270,1237,10660,60,17.14,Business,2024-08-09,Approved,Paid,8825.75,765,16,Single,28,South,Female
5271,1425,9478,60,6.7,Business,2023-02-02,Approved,Paid,2751.3333333333335,813,13,Divorced,16,Central,Female
5272,1221,13210,48,15.37,Personal,2022-11-25,Approved,Paid,11530.416666666666,521,7,Single,35,East,Male
5273,1068,15922,24,11.6,Car,2022-10-13,Approved,Paid,3612.8333333333335,766,16,Married,36,West,Male
5274,1197,41289,60,14.75,Car,2021-08-11,Approved,Paid,12091.416666666666,489,7,Married,18,East,Female
5275,1256,38340,36,9.04,Personal,2024-11-18,Rejected,,10779.166666666666,407,14,Divorced,41,North,Male
5276,1139,44850,60,11.69,Home,2023-10-05,Approved,Paid,12113.0,428,14,Single,40,Central,Male
5277,1312,43163,36,16.14,Business,2022-09-23,Approved,Paid,4786.75,520,12,Single,26,South,Male
5278,1435,23642,24,11.07,Business,2024-09-27,Approved,Paid,5085.083333333333,593,1,Single,15,West,Female
5279,1149,16094,24,9.68,Home,2024-05-23,Approved,Paid,3760.9166666666665,472,1,Divorced,28,Central,Male
5280,1099,27423,36,11.97,Education,2021-09-17,Approved,Paid,6409.916666666667,782,12,Married,12,West,Female
5281,1076,38418,48,14.33,Education,2022-07-12,Rejected,,3708.5833333333335,762,15,Divorced,43,East,Female
5282,1282,10741,24,10.77,Car,2023-12-14,Approved,Paid,8718.583333333334,799,4,Married,11,South,Female
5283,1371,11838,36,17.21,Personal,2023-09-17,Rejected,,8868.583333333334,663,7,Divorced,10,West,Female
5284,1403,8262,24,8.83,Car,2020-04-27,Approved,Paid,7162.333333333333,320,16,Married,40,North,Male
5285,1109,9996,48,11.18,Education,2024-12-10,Approved,Paid,3942.75,545,3,Single,35,South,Female
5286,1188,49594,36,14.84,Home,2023-09-25,Approved,Paid,10888.25,522,7,Single,40,Central,Male
5287,1199,27164,12,13.96,Car,2024-05-16,Rejected,,3551.8333333333335,448,6,Single,34,West,Male
5288,1303,40595,24,16.23,Business,2022-01-03,Approved,Defaulted,9660.833333333334,704,16,Divorced,35,West,Male
5289,1327,35257,12,17.96,Business,2023-07-02,Rejected,,4566.333333333333,375,8,Divorced,25,West,Male
5290,1154,19211,36,10.55,Home,2024-02-18,Rejected,,9893.166666666666,400,6,Divorced,44,West,Male
5291,1040,35453,12,6.44,Education,2024-05-12,Rejected,,5302.916666666667,552,10,Single,6,North,Male
5292,1133,10232,12,5.4,Business,2024-07-13,Approved,Paid,3155.5,404,16,Married,13,South,Male
5293,1405,7217,60,14.45,Business,2023-06-15,Approved,Paid,4833.5,430,11,Single,43,Central,Female
5294,1462,29229,48,16.36,Personal,2024-08-04,Approved,Paid,11616.416666666666,803,13,Single,33,South,Male
5295,1132,19232,36,7.87,Car,2021-01-19,Approved,Paid,2990.5,696,6,Married,39,East,Male
5296,1279,30613,60,7.06,Education,2021-12-05,Approved,Defaulted,4415.833333333333,411,1,Married,8,West,Male
5297,1362,19026,12,5.81,Car,2024-08-29,Approved,Paid,5278.5,648,19,Married,15,West,Male
5298,1084,33554,36,15.7,Education,2021-09-17,Approved,Paid,3339.3333333333335,793,12,Married,17,South,Female
5299,1399,35908,36,9.05,Business,2020-06-01,Approved,Defaulted,7271.75,441,6,Single,31,South,Female
5300,1242,24610,36,10.22,Personal,2023-06-08,Approved,Paid,2770.3333333333335,582,18,Divorced,18,South,Male
5301,1116,44605,24,11.54,Car,2023-05-04,Approved,Paid,3078.6666666666665,792,13,Single,6,West,Female
5302,1109,12031,36,15.91,Business,2024-05-06,Approved,Paid,3942.75,545,7,Married,35,South,Female
5303,1221,30515,36,13.46,Education,2021-07-08,Approved,Paid,11530.416666666666,521,13,Divorced,35,East,Male
5304,1392,41484,48,13.0,Car,2022-11-10,Approved,Paid,7290.916666666667,698,8,Divorced,38,West,Male
5305,1041,41182,12,7.28,Car,2023-11-14,Approved,Paid,6759.583333333333,588,17,Single,16,Central,Male
5306,1368,5570,24,11.67,Business,2023-12-25,Approved,Defaulted,11392.916666666666,594,9,Single,44,South,Female
5307,1147,37254,24,14.3,Car,2020-01-16,Approved,Paid,3032.5,499,13,Single,37,Central,Male
5308,1112,24288,24,17.65,Personal,2020-03-20,Approved,Paid,2106.3333333333335,364,2,Divorced,40,Central,Male
5309,1103,18288,36,7.62,Personal,2023-02-24,Approved,Paid,5099.0,825,4,Divorced,17,Central,Female
5310,1046,34877,12,5.12,Business,2024-10-21,Approved,Paid,10936.083333333334,537,2,Divorced,12,South,Female
5311,1412,23889,48,5.98,Education,2021-02-10,Approved,Paid,10414.75,477,4,Married,38,North,Female
5312,1494,5917,24,9.89,Business,2021-12-18,Approved,Paid,11318.0,568,18,Married,27,West,Female
5313,1475,15066,24,15.67,Personal,2021-08-22,Approved,Paid,11854.5,753,5,Single,5,Central,Male
5314,1324,34504,36,5.09,Home,2024-03-24,Approved,Paid,3098.3333333333335,510,19,Divorced,29,West,Female
5315,1378,11982,12,10.94,Home,2023-06-13,Approved,Paid,6347.333333333333,519,10,Single,31,Central,Male
5316,1271,44104,36,9.28,Car,2023-10-21,Approved,Paid,9506.75,523,18,Divorced,18,North,Female
5317,1483,23062,36,5.68,Car,2024-04-03,Approved,Paid,6722.333333333333,519,10,Single,7,West,Male
5318,1421,21999,24,10.85,Home,2024-08-18,Approved,Paid,11905.083333333334,828,5,Married,40,North,Female
5319,1385,14941,12,8.31,Personal,2021-03-16,Approved,Paid,9241.333333333334,527,17,Divorced,32,North,Male
5320,1195,28470,24,9.57,Car,2020-01-10,Approved,Paid,10096.5,677,13,Married,45,West,Male
5321,1367,26133,12,14.17,Business,2024-09-24,Approved,Paid,4164.333333333333,559,17,Divorced,12,Central,Female
5322,1280,49435,12,11.78,Business,2022-05-08,Rejected,,7295.916666666667,312,9,Single,10,East,Female
5323,1283,9529,24,6.62,Personal,2022-01-04,Approved,Paid,3953.3333333333335,533,12,Divorced,43,Central,Female
5324,1040,22519,24,17.5,Car,2023-08-14,Approved,Paid,5302.916666666667,552,14,Married,6,North,Male
5325,1447,17192,36,13.27,Business,2024-07-19,Approved,Paid,3775.5833333333335,378,14,Divorced,44,North,Male
5326,1189,13566,36,14.96,Car,2023-01-30,Approved,Paid,10814.083333333334,659,8,Single,18,Central,Male
5327,1164,12226,36,6.03,Car,2022-02-02,Rejected,,3734.1666666666665,316,5,Divorced,22,Central,Female
5328,1482,42930,12,5.61,Business,2024-12-07,Approved,Paid,11516.166666666666,785,19,Married,32,West,Female
5329,1477,26259,24,5.25,Home,2022-12-11,Approved,Paid,7186.666666666667,685,14,Single,25,North,Male
5330,1024,39087,48,7.45,Business,2023-06-07,Rejected,,6724.166666666667,728,9,Married,17,East,Female
5331,1024,6141,36,10.39,Personal,2024-01-09,Approved,Paid,6724.166666666667,728,7,Divorced,17,East,Female
5332,1490,9627,48,17.17,Education,2022-08-23,Approved,Paid,3828.0,315,8,Married,8,West,Male
5333,1004,7690,24,10.94,Business,2021-12-18,Rejected,,3662.5833333333335,660,14,Divorced,29,West,Male
5334,1323,45091,36,8.77,Car,2022-11-12,Approved,Defaulted,9226.333333333334,618,14,Single,24,West,Female
5335,1290,8255,36,12.31,Car,2024-04-02,Approved,Paid,5552.25,676,11,Married,36,Central,Female
5336,1441,10213,24,6.46,Business,2023-11-16,Approved,Defaulted,12384.916666666666,453,14,Married,24,North,Male
5337,1433,41876,36,12.92,Education,2020-02-27,Approved,Paid,6401.083333333333,385,8,Divorced,25,West,Male
5338,1471,24404,36,12.39,Business,2020-03-11,Approved,Paid,4528.0,537,3,Married,41,West,Male
5339,1181,30380,24,15.3,Education,2022-01-04,Rejected,,8026.0,819,18,Married,44,West,Male
5340,1248,30520,24,17.83,Education,2020-09-23,Approved,Paid,9102.25,577,3,Single,30,South,Male
5341,1116,24173,48,8.26,Personal,2021-07-10,Approved,Paid,3078.6666666666665,792,13,Divorced,6,West,Female
5342,1279,28989,60,11.63,Car,2021-09-22,Rejected,,4415.833333333333,411,12,Divorced,8,West,Male
5343,1365,47570,24,16.82,Car,2024-06-28,Approved,Paid,2271.4166666666665,560,15,Single,31,North,Male
5344,1069,29519,24,15.21,Education,2022-05-24,Approved,Paid,3932.5,586,18,Single,27,West,Female
5345,1351,27439,24,11.34,Car,2020-05-28,Approved,Defaulted,9382.666666666666,374,5,Divorced,30,East,Female
5346,1254,16413,36,17.29,Home,2024-12-06,Rejected,,8313.583333333334,712,7,Single,37,North,Male
5347,1181,19995,24,5.74,Education,2022-06-17,Rejected,,8026.0,819,11,Single,44,West,Male
5348,1318,28559,60,17.1,Car,2024-08-25,Approved,Paid,9760.166666666666,835,11,Single,15,North,Male
5349,1169,28513,24,5.66,Home,2022-03-13,Approved,Paid,7199.0,527,15,Divorced,16,East,Male
5350,1313,10021,24,12.11,Personal,2021-09-30,Approved,Defaulted,10997.166666666666,825,10,Single,22,South,Female
5351,1249,37464,36,16.58,Car,2021-02-02,Rejected,,10377.666666666666,720,15,Married,40,North,Male
5352,1188,26119,48,8.42,Home,2023-03-25,Approved,Paid,10888.25,522,13,Married,40,Central,Male
5353,1054,34299,36,11.14,Business,2024-01-17,Approved,Defaulted,3823.1666666666665,836,14,Divorced,23,East,Female
5354,1326,44350,36,9.22,Business,2021-05-02,Rejected,,3364.3333333333335,408,17,Single,27,South,Female
5355,1357,30517,60,17.38,Home,2020-08-15,Approved,Paid,10783.083333333334,349,13,Married,38,Central,Female
5356,1313,18117,12,15.71,Education,2023-03-06,Approved,Defaulted,10997.166666666666,825,10,Divorced,22,South,Female
5357,1138,27250,48,14.22,Education,2024-09-11,Approved,Defaulted,12152.666666666666,724,1,Married,20,South,Male
5358,1168,23950,12,12.64,Car,2021-11-14,Approved,Defaulted,4829.583333333333,665,1,Single,44,Central,Male
5359,1391,22359,48,15.67,Business,2024-08-01,Approved,Paid,4046.1666666666665,369,15,Divorced,13,Central,Male
5360,1103,28596,36,10.1,Education,2024-05-13,Rejected,,5099.0,825,16,Married,17,Central,Female
5361,1422,30530,24,10.82,Education,2020-06-24,Approved,Paid,3599.9166666666665,793,12,Divorced,26,North,Female
5362,1085,6262,48,14.49,Business,2022-10-08,Approved,Paid,10603.25,562,6,Married,14,East,Male
5363,1317,45150,12,9.65,Personal,2022-06-02,Approved,Paid,11282.916666666666,799,6,Married,29,South,Male
5364,1212,27615,24,5.83,Education,2023-05-27,Approved,Paid,3931.0833333333335,787,12,Single,17,Central,Male
5365,1003,8327,36,5.97,Home,2020-03-03,Approved,Paid,11626.333333333334,413,15,Single,39,West,Male
5366,1384,34768,24,6.5,Car,2024-03-23,Approved,Paid,6875.416666666667,504,4,Married,13,South,Male
5367,1179,33850,36,16.31,Education,2020-05-24,Rejected,,7976.75,649,4,Divorced,22,West,Male
5368,1342,47788,12,11.14,Education,2022-03-30,Approved,Paid,7342.916666666667,417,2,Divorced,24,East,Female
5369,1303,21848,12,14.27,Personal,2023-03-08,Approved,Paid,9660.833333333334,704,12,Single,35,West,Male
5370,1452,44542,12,10.11,Home,2023-12-21,Approved,Paid,8436.666666666666,365,7,Married,40,South,Female
5371,1476,20160,24,8.36,Car,2024-01-03,Rejected,,6412.916666666667,567,9,Single,17,Central,Female
5372,1332,38998,36,9.51,Education,2020-10-04,Approved,Paid,12132.666666666666,731,9,Married,14,East,Male
5373,1038,32230,48,15.32,Car,2020-10-31,Approved,Defaulted,10672.083333333334,565,8,Married,16,North,Male
5374,1499,14076,60,13.13,Business,2022-03-17,Approved,Paid,3025.6666666666665,546,14,Single,12,West,Male
5375,1420,8805,48,17.19,Education,2024-11-17,Rejected,,3761.0,476,1,Divorced,29,Central,Female
5376,1239,36085,24,13.84,Education,2023-11-11,Approved,Defaulted,10821.583333333334,512,12,Single,39,North,Male
5377,1169,19715,36,12.41,Business,2023-03-20,Approved,Paid,7199.0,527,2,Married,16,East,Male
5378,1453,10750,24,12.93,Personal,2020-11-24,Approved,Paid,11137.25,553,13,Single,23,West,Female
5379,1397,18232,24,17.25,Education,2021-02-04,Approved,Paid,3493.5833333333335,725,4,Divorced,30,South,Female
5380,1343,40903,36,15.25,Car,2024-11-01,Approved,Paid,7654.333333333333,460,18,Divorced,26,South,Male
5381,1314,11953,12,5.31,Home,2022-02-11,Approved,Paid,5344.083333333333,814,19,Married,19,West,Male
5382,1306,37093,24,11.94,Car,2024-02-29,Approved,Paid,2268.6666666666665,487,16,Single,18,East,Male
5383,1030,30500,60,13.95,Personal,2022-02-01,Rejected,,5924.916666666667,306,14,Divorced,18,West,Female
5384,1190,27418,36,14.73,Home,2024-11-28,Rejected,,11336.75,628,8,Single,7,West,Female
5385,1357,39314,36,7.77,Car,2023-04-08,Approved,Paid,10783.083333333334,349,12,Divorced,38,Central,Female
5386,1025,27449,12,16.27,Car,2021-09-10,Rejected,,4257.166666666667,457,9,Married,27,East,Female
5387,1112,22478,24,17.43,Business,2023-02-19,Approved,Paid,2106.3333333333335,364,6,Married,40,Central,Male
5388,1411,40179,48,8.08,Personal,2021-04-23,Approved,Paid,2941.0833333333335,460,18,Single,35,Central,Male
5389,1435,30338,24,16.47,Business,2024-04-17,Approved,Paid,5085.083333333333,593,2,Married,15,West,Female
5390,1206,31899,36,6.26,Home,2021-01-21,Approved,Paid,10507.0,525,8,Divorced,39,Central,Male
5391,1185,9145,12,5.72,Business,2024-06-01,Approved,Paid,6808.25,667,14,Married,39,West,Male
5392,1382,37101,36,6.68,Personal,2023-07-17,Approved,Paid,11057.666666666666,699,6,Divorced,10,North,Female
5393,1496,7775,12,5.75,Education,2024-01-29,Approved,Paid,6069.333333333333,559,10,Divorced,36,North,Male
5394,1379,36647,48,15.99,Education,2020-01-28,Approved,Paid,4395.583333333333,462,8,Married,22,West,Female
5395,1047,24539,48,5.77,Home,2022-05-23,Approved,Defaulted,10720.916666666666,680,17,Divorced,27,South,Female
5396,1374,41738,48,8.53,Education,2022-09-23,Approved,Paid,6449.083333333333,847,12,Divorced,8,Central,Female
5397,1228,31616,24,6.35,Business,2023-11-27,Rejected,,12244.083333333334,601,17,Single,43,East,Female
5398,1039,19119,48,8.84,Home,2020-06-03,Approved,Defaulted,7084.25,836,13,Single,33,North,Male
5399,1016,30159,36,6.18,Personal,2021-10-30,Approved,Paid,4153.5,641,19,Single,26,South,Male
5400,1022,42099,24,13.68,Home,2022-02-14,Approved,Paid,4442.333333333333,538,12,Married,40,West,Male
5401,1213,15295,36,6.73,Home,2023-11-12,Approved,Paid,4850.333333333333,423,16,Single,29,North,Male
5402,1310,39710,12,16.07,Car,2024-05-30,Rejected,,11249.0,418,5,Divorced,19,East,Female
5403,1149,29685,12,15.62,Car,2021-08-30,Approved,Paid,3760.9166666666665,472,16,Married,28,Central,Male
5404,1456,30479,48,5.18,Home,2020-09-07,Approved,Defaulted,6686.916666666667,526,6,Married,14,East,Male
5405,1241,38629,24,16.64,Education,2020-10-02,Approved,Paid,11042.25,735,11,Married,31,Central,Female
5406,1272,47043,36,5.38,Car,2021-03-04,Approved,Paid,11797.666666666666,790,17,Married,17,Central,Female
5407,1059,22033,24,8.12,Personal,2021-04-26,Rejected,,10828.833333333334,391,14,Divorced,24,North,Male
5408,1287,41902,48,5.42,Business,2023-05-08,Approved,Paid,12397.333333333334,313,6,Divorced,7,East,Male
5409,1426,49571,60,9.37,Car,2024-02-02,Approved,Paid,5398.25,321,11,Single,22,South,Male
5410,1202,20408,48,11.68,Home,2022-11-30,Approved,Paid,6509.75,459,12,Married,20,North,Female
5411,1032,22420,24,15.36,Education,2022-06-09,Approved,Paid,7591.083333333333,372,13,Single,5,North,Male
5412,1443,21351,24,9.39,Business,2022-05-16,Approved,Paid,9181.583333333334,367,4,Divorced,45,East,Male
5413,1162,9131,36,14.17,Car,2024-09-01,Approved,Defaulted,2198.4166666666665,707,7,Married,9,East,Male
5414,1255,49825,12,7.44,Education,2024-09-13,Approved,Defaulted,9901.166666666666,329,2,Divorced,5,West,Male
5415,1254,16349,12,14.76,Education,2020-07-25,Approved,Paid,8313.583333333334,712,6,Single,37,North,Male
5416,1009,49254,36,8.07,Education,2023-08-13,Rejected,,11142.25,495,6,Divorced,24,Central,Male
5417,1465,43225,36,6.87,Home,2024-04-29,Approved,Paid,4593.0,807,18,Married,31,West,Female
5418,1139,43847,60,7.41,Personal,2023-11-08,Approved,Paid,12113.0,428,8,Married,40,Central,Male
5419,1480,17453,24,7.37,Education,2024-11-03,Approved,Paid,5967.25,582,8,Single,42,West,Female
5420,1010,23814,24,11.67,Business,2024-09-18,Approved,Paid,9751.75,765,8,Married,24,Central,Female
5421,1214,23263,12,15.98,Car,2023-04-11,Approved,Defaulted,5049.666666666667,713,8,Divorced,36,North,Male
5422,1273,17158,60,6.03,Business,2024-05-31,Approved,Paid,4741.416666666667,772,1,Divorced,24,Central,Female
5423,1324,20735,48,14.19,Home,2022-11-06,Approved,Paid,3098.3333333333335,510,2,Divorced,29,West,Female
5424,1048,20830,48,13.51,Home,2022-08-25,Approved,Defaulted,8150.416666666667,735,12,Divorced,6,South,Male
5425,1436,49673,60,16.34,Business,2024-08-06,Rejected,,6594.25,542,15,Single,11,South,Female
5426,1111,28926,36,8.17,Personal,2023-03-11,Approved,Paid,8579.083333333334,722,4,Divorced,32,West,Female
5427,1153,39779,36,10.85,Home,2022-10-25,Approved,Paid,6443.916666666667,386,3,Single,35,North,Male
5428,1123,8373,24,17.04,Home,2021-08-10,Approved,Paid,6801.833333333333,694,14,Divorced,6,South,Female
5429,1405,15335,36,13.58,Business,2024-10-01,Rejected,,4833.5,430,8,Single,43,Central,Female
5430,1357,28741,36,10.05,Home,2020-06-22,Rejected,,10783.083333333334,349,13,Divorced,38,Central,Female
5431,1102,15692,36,6.71,Personal,2023-07-20,Approved,Paid,11983.75,391,19,Divorced,12,East,Female
5432,1241,39057,60,8.41,Personal,2020-01-02,Approved,Paid,11042.25,735,5,Single,31,Central,Female
5433,1321,6447,60,12.56,Personal,2024-02-19,Approved,Paid,8071.166666666667,487,13,Married,7,South,Female
5434,1191,24583,48,14.34,Car,2021-12-20,Approved,Paid,11765.416666666666,762,1,Married,16,Central,Male
5435,1217,27765,48,6.62,Personal,2023-06-16,Rejected,,11389.0,734,16,Married,27,South,Female
5436,1051,28906,36,12.79,Personal,2022-11-30,Approved,Paid,12317.75,416,2,Single,42,South,Male
5437,1292,24567,24,12.15,Car,2020-04-08,Approved,Paid,10669.333333333334,369,7,Married,19,West,Male
5438,1081,19139,12,11.68,Education,2023-06-30,Approved,Paid,2751.3333333333335,628,6,Married,32,North,Male
5439,1489,43230,36,13.97,Home,2023-12-02,Approved,Paid,6546.166666666667,823,5,Single,36,West,Male
5440,1383,24520,48,15.89,Personal,2021-07-23,Approved,Defaulted,9057.666666666666,481,4,Married,31,South,Female
5441,1088,24702,12,9.2,Home,2024-10-03,Approved,Paid,5459.166666666667,559,2,Married,22,Central,Male
5442,1194,30566,60,16.56,Business,2021-02-12,Approved,Paid,2945.8333333333335,516,10,Married,44,West,Male
5443,1104,12657,12,7.09,Home,2020-01-17,Approved,Paid,2570.4166666666665,754,5,Single,9,Central,Female
5444,1271,42688,24,7.25,Car,2020-12-10,Approved,Defaulted,9506.75,523,18,Single,18,North,Female
5445,1096,35134,36,8.47,Home,2020-03-11,Approved,Paid,6323.0,530,10,Married,30,North,Female
5446,1423,15345,24,6.55,Home,2023-03-02,Approved,Paid,5134.083333333333,497,15,Married,9,South,Female
5447,1379,46185,12,7.99,Home,2022-03-23,Approved,Defaulted,4395.583333333333,462,9,Single,22,West,Female
5448,1198,32413,24,6.38,Education,2023-08-20,Approved,Defaulted,7790.583333333333,669,11,Married,33,Central,Female
5449,1001,10208,48,15.68,Education,2020-11-20,Rejected,,8582.333333333334,808,17,Single,29,North,Male
5450,1495,38455,36,6.81,Business,2020-01-19,Rejected,,4383.833333333333,461,9,Married,37,South,Male
5451,1407,33018,36,14.71,Car,2020-06-14,Rejected,,11769.666666666666,670,16,Single,31,East,Female
5452,1378,13080,36,5.62,Home,2020-01-15,Approved,Paid,6347.333333333333,519,6,Divorced,31,Central,Male
5453,1167,26902,12,17.33,Home,2024-06-27,Approved,Paid,5572.416666666667,531,11,Divorced,14,West,Female
5454,1126,14486,60,14.25,Home,2022-04-03,Approved,Paid,12268.75,809,17,Single,15,West,Female
5455,1313,43862,12,5.09,Home,2023-11-18,Rejected,,10997.166666666666,825,4,Divorced,22,South,Female
5456,1081,26158,60,14.93,Education,2024-01-20,Rejected,,2751.3333333333335,628,15,Married,32,North,Male
5457,1418,45460,36,11.68,Business,2023-07-12,Rejected,,7249.75,342,1,Single,18,North,Female
5458,1251,48856,60,15.13,Personal,2022-08-03,Approved,Paid,8010.5,814,1,Single,34,North,Female
5459,1169,40871,12,11.79,Car,2022-03-11,Rejected,,7199.0,527,9,Married,16,East,Male
5460,1477,40208,36,13.33,Home,2022-10-19,Approved,Paid,7186.666666666667,685,12,Married,25,North,Male
5461,1073,25519,24,15.22,Business,2024-07-09,Approved,Paid,5571.833333333333,681,4,Single,40,North,Male
5462,1141,36379,12,10.27,Personal,2021-05-22,Approved,Paid,5643.916666666667,328,13,Married,41,East,Female
5463,1070,33378,36,5.04,Business,2020-09-14,Approved,Paid,2595.1666666666665,816,7,Single,37,South,Female
5464,1262,44892,24,16.05,Education,2023-03-20,Approved,Defaulted,6147.166666666667,435,8,Married,30,South,Female
5465,1340,19031,36,9.95,Personal,2021-12-25,Approved,Paid,10868.833333333334,775,13,Single,33,Central,Female
5466,1308,19536,12,11.45,Business,2023-02-24,Approved,Paid,6141.25,319,11,Married,31,South,Female
5467,1245,5446,24,5.1,Education,2024-03-13,Approved,Paid,5925.083333333333,387,9,Married,22,East,Male
5468,1003,41683,48,11.4,Business,2022-01-11,Rejected,,11626.333333333334,413,16,Divorced,39,West,Male
5469,1337,22618,36,17.82,Business,2022-08-17,Approved,Paid,8030.666666666667,780,10,Divorced,14,East,Male
5470,1063,11587,36,8.62,Personal,2022-11-26,Approved,Defaulted,6685.0,689,11,Divorced,9,South,Male
5471,1049,36480,36,10.14,Education,2023-05-08,Rejected,,6996.166666666667,782,12,Married,38,South,Female
5472,1076,37994,48,13.93,Home,2023-10-11,Rejected,,3708.5833333333335,762,14,Single,43,East,Female
5473,1368,25527,24,15.59,Car,2021-12-04,Approved,Paid,11392.916666666666,594,19,Married,44,South,Female
5474,1175,28569,36,10.43,Personal,2022-06-20,Approved,Paid,9087.5,839,12,Divorced,18,West,Female
5475,1109,16151,60,9.03,Education,2022-11-07,Approved,Paid,3942.75,545,18,Married,35,South,Female
5476,1183,10558,48,17.19,Business,2022-05-31,Approved,Paid,3120.75,437,17,Divorced,22,North,Female
5477,1192,49739,36,13.8,Education,2024-06-18,Approved,Defaulted,5924.333333333333,681,3,Divorced,27,North,Male
5478,1065,37954,36,6.55,Car,2021-07-27,Rejected,,7861.5,553,1,Single,40,West,Male
5479,1337,48837,48,5.9,Car,2022-08-30,Approved,Paid,8030.666666666667,780,19,Single,14,East,Male
5480,1451,40303,36,11.29,Home,2023-03-26,Rejected,,3079.1666666666665,746,4,Divorced,26,West,Female
5481,1474,39700,12,7.86,Home,2024-03-24,Rejected,,7880.083333333333,767,16,Divorced,23,Central,Female
5482,1271,32500,24,8.3,Car,2021-02-23,Rejected,,9506.75,523,12,Married,18,North,Female
5483,1100,7032,48,16.41,Personal,2022-09-22,Approved,Paid,10370.083333333334,818,13,Divorced,28,South,Male
5484,1032,6252,24,6.16,Personal,2023-06-20,Rejected,,7591.083333333333,372,17,Married,5,North,Male
5485,1352,10509,48,14.3,Business,2021-08-11,Approved,Paid,7659.5,436,8,Divorced,25,South,Male
5486,1128,42842,24,8.52,Home,2022-12-24,Approved,Paid,9146.75,526,13,Single,37,South,Male
5487,1452,18900,36,14.88,Business,2022-08-16,Approved,Paid,8436.666666666666,365,5,Single,40,South,Female
5488,1402,19523,12,14.39,Home,2023-05-18,Approved,Paid,8256.916666666666,613,18,Divorced,23,South,Female
5489,1369,6881,24,5.1,Car,2023-07-13,Approved,Defaulted,4304.5,612,15,Married,17,West,Male
5490,1339,38037,60,11.62,Personal,2022-10-03,Approved,Paid,3434.25,412,12,Married,37,West,Female
5491,1043,6630,48,6.81,Personal,2022-12-19,Approved,Paid,8617.083333333334,394,17,Married,31,Central,Female
5492,1372,25789,36,16.26,Car,2021-02-24,Approved,Defaulted,4526.666666666667,487,15,Divorced,17,North,Female
5493,1419,27523,36,16.33,Business,2020-02-21,Approved,Paid,4431.0,722,2,Divorced,28,Central,Female
5494,1488,22958,36,10.44,Business,2022-09-14,Approved,Paid,7425.833333333333,843,6,Single,16,Central,Female
5495,1078,48852,36,10.78,Education,2020-06-10,Rejected,,10430.583333333334,382,17,Single,6,West,Female
5496,1314,6695,36,8.94,Home,2023-02-05,Approved,Paid,5344.083333333333,814,16,Divorced,19,West,Male
5497,1289,19821,12,14.32,Business,2023-05-07,Approved,Paid,7984.333333333333,736,17,Single,7,North,Male
5498,1270,8262,36,9.66,Car,2021-07-26,Approved,Paid,6967.333333333333,782,9,Married,31,Central,Male
5499,1162,6445,48,8.48,Business,2022-07-07,Approved,Defaulted,2198.4166666666665,707,5,Married,9,East,Male
5500,1189,21436,60,10.62,Personal,2024-08-21,Approved,Paid,10814.083333333334,659,1,Divorced,18,Central,Male
5501,1247,14949,12,6.19,Home,2022-08-31,Approved,Paid,12211.166666666666,760,6,Married,34,South,Male
5502,1388,28963,48,14.71,Education,2020-11-27,Rejected,,12259.833333333334,832,14,Divorced,16,North,Male
5503,1216,34932,36,5.16,Home,2020-07-24,Approved,Paid,12271.5,587,17,Married,37,West,Male
5504,1315,11901,36,13.38,Personal,2021-12-12,Approved,Paid,10437.666666666666,635,19,Divorced,8,Central,Male
5505,1413,38487,12,7.38,Personal,2021-03-23,Approved,Defaulted,6738.333333333333,789,1,Married,5,Central,Female
5506,1339,13597,36,8.02,Personal,2021-03-20,Rejected,,3434.25,412,1,Married,37,West,Female
5507,1390,11855,24,13.26,Personal,2022-11-04,Approved,Paid,6031.416666666667,818,13,Single,11,East,Male
5508,1377,23678,24,17.91,Car,2020-08-27,Approved,Paid,4981.083333333333,641,14,Single,10,Central,Female
5509,1481,13263,48,15.11,Education,2024-10-03,Approved,Defaulted,4873.916666666667,339,6,Single,22,North,Female
5510,1433,30805,48,7.94,Personal,2020-05-28,Approved,Paid,6401.083333333333,385,6,Single,25,West,Male
5511,1168,31143,36,7.29,Personal,2022-03-10,Approved,Paid,4829.583333333333,665,1,Single,44,Central,Male
5512,1339,16874,60,16.26,Business,2022-01-14,Approved,Paid,3434.25,412,14,Single,37,West,Female
5513,1193,32529,24,10.77,Education,2020-01-02,Approved,Paid,7389.25,468,3,Divorced,15,North,Male
5514,1453,25866,24,6.78,Home,2024-04-28,Approved,Paid,11137.25,553,10,Divorced,23,West,Female
5515,1283,19079,36,16.21,Education,2023-07-27,Approved,Paid,3953.3333333333335,533,19,Single,43,Central,Female
5516,1336,12243,24,15.61,Education,2023-07-13,Approved,Paid,8363.083333333334,482,19,Divorced,26,West,Female
5517,1390,34872,24,17.79,Education,2021-10-28,Approved,Paid,6031.416666666667,818,19,Single,11,East,Male
5518,1488,14018,24,16.83,Personal,2020-04-23,Approved,Defaulted,7425.833333333333,843,4,Divorced,16,Central,Female
5519,1013,17100,12,16.07,Personal,2021-09-10,Rejected,,5331.25,718,19,Married,38,Central,Male
5520,1240,24800,48,5.68,Car,2020-12-27,Rejected,,3436.4166666666665,762,10,Divorced,34,Central,Female
5521,1320,31910,24,6.36,Home,2022-06-06,Approved,Defaulted,4039.8333333333335,458,2,Divorced,43,Central,Female
5522,1446,34437,36,12.4,Business,2022-06-10,Approved,Defaulted,5822.0,512,4,Divorced,35,East,Male
5523,1483,42588,12,11.91,Education,2022-01-06,Approved,Defaulted,6722.333333333333,519,6,Married,7,West,Male
5524,1147,16001,36,10.95,Home,2023-09-16,Approved,Defaulted,3032.5,499,7,Single,37,Central,Male
5525,1204,24942,24,10.16,Home,2020-12-10,Approved,Paid,6949.5,587,16,Divorced,16,West,Male
5526,1080,25862,48,10.61,Car,2024-04-04,Rejected,,10865.666666666666,448,7,Divorced,24,Central,Female
5527,1379,16669,36,12.4,Business,2024-06-12,Approved,Paid,4395.583333333333,462,18,Married,22,West,Female
5528,1043,20916,24,5.03,Education,2024-04-11,Approved,Defaulted,8617.083333333334,394,19,Single,31,Central,Female
5529,1458,15878,36,8.39,Business,2024-08-10,Approved,Paid,4770.416666666667,678,9,Divorced,34,South,Female
5530,1089,7985,12,11.74,Car,2023-04-11,Approved,Paid,6161.083333333333,400,10,Married,38,Central,Female
5531,1148,37369,36,14.39,Personal,2023-11-01,Approved,Paid,10979.333333333334,378,13,Single,31,Central,Male
5532,1095,13112,24,7.26,Home,2020-10-10,Approved,Paid,4087.0833333333335,721,18,Single,37,Central,Female
5533,1452,46235,60,12.11,Education,2024-02-27,Approved,Paid,8436.666666666666,365,16,Divorced,40,South,Female
5534,1428,23931,12,14.29,Personal,2020-04-27,Rejected,,4740.083333333333,356,17,Divorced,41,South,Female
5535,1151,32340,36,10.78,Car,2024-09-14,Approved,Paid,8414.083333333334,715,13,Divorced,33,West,Male
5536,1002,5336,24,5.35,Business,2020-10-29,Rejected,,6945.166666666667,780,12,Divorced,13,North,Female
5537,1376,47933,24,10.84,Home,2023-11-18,Rejected,,11965.083333333334,713,10,Married,23,East,Female
5538,1022,24363,36,8.85,Education,2021-09-06,Approved,Paid,4442.333333333333,538,1,Married,40,West,Male
5539,1371,8968,60,17.09,Personal,2021-01-29,Approved,Paid,8868.583333333334,663,8,Divorced,10,West,Female
5540,1313,38678,24,6.62,Personal,2023-03-22,Approved,Paid,10997.166666666666,825,18,Single,22,South,Female
5541,1485,21279,12,13.48,Home,2024-04-06,Rejected,,6260.333333333333,819,2,Divorced,27,Central,Male
5542,1328,8129,24,5.69,Business,2023-09-28,Approved,Paid,6939.333333333333,841,16,Single,6,East,Male
5543,1007,43215,12,10.8,Car,2020-01-28,Approved,Paid,9647.333333333334,479,12,Single,20,North,Male
5544,1206,43897,12,12.2,Business,2021-04-04,Approved,Paid,10507.0,525,9,Single,39,Central,Male
5545,1440,10850,36,8.87,Business,2023-12-26,Approved,Paid,10138.666666666666,831,3,Married,13,Central,Male
5546,1375,25588,12,10.92,Business,2022-12-10,Rejected,,10057.5,707,4,Single,14,South,Male
5547,1451,45214,12,7.13,Home,2023-09-24,Approved,Defaulted,3079.1666666666665,746,2,Single,26,West,Female
5548,1114,16949,48,8.95,Home,2021-09-11,Approved,Defaulted,3550.9166666666665,512,8,Married,31,West,Female
5549,1272,13519,24,13.07,Car,2024-09-07,Approved,Paid,11797.666666666666,790,10,Single,17,Central,Female
5550,1083,31375,12,8.92,Business,2024-10-21,Rejected,,7276.666666666667,489,16,Single,30,East,Male
5551,1179,38082,24,16.7,Home,2022-03-13,Approved,Paid,7976.75,649,11,Divorced,22,West,Male
5552,1210,16737,36,13.17,Car,2023-10-16,Approved,Paid,7742.0,701,18,Single,27,Central,Male
5553,1500,6134,24,10.7,Car,2020-10-04,Approved,Paid,11231.75,836,14,Single,38,South,Female
5554,1464,15938,36,5.5,Business,2024-10-16,Approved,Paid,12464.75,307,8,Single,32,South,Male
5555,1328,29486,12,11.49,Education,2022-02-01,Approved,Defaulted,6939.333333333333,841,15,Single,6,East,Male
5556,1124,31096,36,14.94,Business,2022-12-26,Approved,Defaulted,4400.833333333333,607,17,Single,30,Central,Male
5557,1481,46115,24,8.45,Education,2020-09-16,Approved,Paid,4873.916666666667,339,18,Married,22,North,Female
5558,1113,10592,36,15.49,Car,2023-05-09,Approved,Defaulted,6345.916666666667,312,6,Single,21,West,Female
5559,1012,23108,48,8.27,Home,2021-05-25,Approved,Defaulted,8397.833333333334,561,14,Single,36,East,Male
5560,1126,22270,36,15.71,Personal,2022-11-13,Approved,Paid,12268.75,809,3,Married,15,West,Female
5561,1053,32649,24,6.11,Car,2022-08-20,Approved,Defaulted,2287.8333333333335,691,7,Married,26,North,Male
5562,1331,15997,24,16.26,Home,2024-11-03,Rejected,,10318.833333333334,318,15,Single,44,Central,Male
5563,1389,38489,24,11.49,Car,2021-11-21,Rejected,,10086.25,495,16,Single,14,South,Male
5564,1283,14104,24,8.85,Business,2024-05-08,Approved,Paid,3953.3333333333335,533,16,Single,43,Central,Female
5565,1140,5870,24,8.45,Education,2022-09-08,Approved,Paid,9263.0,429,8,Divorced,17,North,Male
5566,1401,33684,48,10.62,Car,2020-07-03,Approved,Paid,6611.333333333333,464,7,Divorced,29,West,Female
5567,1390,44519,24,17.99,Home,2024-12-17,Approved,Paid,6031.416666666667,818,6,Single,11,East,Male
5568,1097,39524,36,7.86,Business,2024-09-25,Approved,Paid,9787.166666666666,362,2,Married,5,East,Female
5569,1005,35957,36,6.34,Personal,2021-12-24,Approved,Paid,2192.25,640,13,Single,27,West,Male
5570,1057,38885,36,12.61,Business,2020-02-16,Approved,Paid,3165.9166666666665,311,12,Married,14,East,Female
5571,1412,49369,12,11.35,Education,2023-11-07,Rejected,,10414.75,477,15,Married,38,North,Female
5572,1334,40596,48,11.81,Business,2020-01-02,Approved,Paid,11335.166666666666,482,9,Married,34,West,Male
5573,1069,34866,24,13.67,Personal,2021-05-16,Approved,Defaulted,3932.5,586,2,Single,27,West,Female
5574,1118,35676,48,8.47,Home,2021-04-23,Approved,Defaulted,8870.166666666666,637,17,Single,5,South,Female
5575,1376,18878,48,16.84,Car,2021-08-08,Approved,Paid,11965.083333333334,713,5,Married,23,East,Female
5576,1059,44760,48,10.66,Education,2021-11-01,Approved,Paid,10828.833333333334,391,11,Divorced,24,North,Male
5577,1033,32559,36,6.68,Personal,2023-05-18,Approved,Paid,4557.416666666667,698,19,Divorced,31,South,Female
5578,1318,11771,12,14.65,Education,2024-07-26,Approved,Paid,9760.166666666666,835,7,Divorced,15,North,Male
5579,1050,21526,24,13.36,Business,2023-12-06,Approved,Defaulted,4422.0,324,2,Married,42,South,Female
5580,1368,34896,36,9.1,Education,2023-02-03,Rejected,,11392.916666666666,594,16,Single,44,South,Female
5581,1489,36923,24,13.08,Personal,2021-04-05,Approved,Paid,6546.166666666667,823,12,Married,36,West,Male
5582,1019,41203,48,7.86,Car,2022-10-22,Approved,Paid,2385.8333333333335,543,15,Divorced,29,Central,Female
5583,1214,44390,24,10.78,Car,2022-06-11,Approved,Paid,5049.666666666667,713,1,Single,36,North,Male
5584,1197,17852,24,16.69,Education,2020-09-04,Approved,Paid,12091.416666666666,489,13,Married,18,East,Female
5585,1379,48391,24,6.74,Home,2022-04-06,Approved,Paid,4395.583333333333,462,6,Married,22,West,Female
5586,1450,6848,24,10.03,Education,2023-11-05,Approved,Paid,5732.583333333333,325,13,Divorced,16,North,Female
5587,1478,36027,36,15.67,Business,2023-06-21,Rejected,,3757.75,686,18,Married,12,South,Female
5588,1047,40464,48,17.6,Car,2023-02-04,Rejected,,10720.916666666666,680,3,Single,27,South,Female
5589,1167,39485,36,10.9,Car,2020-04-24,Approved,Defaulted,5572.416666666667,531,1,Divorced,14,West,Female
5590,1452,24456,48,11.59,Car,2022-07-29,Rejected,,8436.666666666666,365,15,Divorced,40,South,Female
5591,1289,14259,48,12.44,Home,2021-02-23,Approved,Paid,7984.333333333333,736,13,Single,7,North,Male
5592,1141,40554,48,17.12,Home,2022-11-13,Approved,Paid,5643.916666666667,328,5,Divorced,41,East,Female
5593,1084,18409,12,16.16,Personal,2023-05-09,Approved,Paid,3339.3333333333335,793,13,Married,17,South,Female
5594,1182,8791,48,7.22,Education,2024-09-26,Rejected,,7063.833333333333,619,5,Married,37,North,Male
5595,1391,30864,24,10.68,Education,2023-12-08,Approved,Paid,4046.1666666666665,369,19,Divorced,13,Central,Male
5596,1079,41639,12,11.03,Business,2024-08-25,Approved,Defaulted,8919.583333333334,398,18,Single,5,West,Male
5597,1215,39574,36,15.26,Car,2020-05-03,Approved,Paid,4943.666666666667,471,10,Married,5,East,Male
5598,1014,22888,24,12.84,Home,2024-03-27,Approved,Paid,11904.166666666666,705,8,Single,40,North,Male
5599,1215,24692,12,13.5,Business,2022-02-09,Approved,Defaulted,4943.666666666667,471,15,Married,5,East,Male
5600,1403,28501,12,17.98,Business,2020-09-07,Rejected,,7162.333333333333,320,4,Married,40,North,Male
5601,1128,18304,12,5.97,Home,2023-06-01,Approved,Paid,9146.75,526,2,Divorced,37,South,Male
5602,1310,32527,60,7.9,Education,2023-05-28,Approved,Paid,11249.0,418,6,Divorced,19,East,Female
5603,1477,23074,12,10.3,Car,2023-06-12,Approved,Paid,7186.666666666667,685,3,Single,25,North,Male
5604,1248,20549,24,9.52,Education,2020-11-24,Approved,Paid,9102.25,577,7,Divorced,30,South,Male
5605,1404,34963,36,5.28,Business,2024-11-29,Approved,Paid,11234.916666666666,381,10,Married,11,South,Male
5606,1029,30920,24,6.19,Car,2024-09-01,Approved,Paid,2183.9166666666665,366,6,Married,8,North,Female
5607,1280,35826,60,13.85,Personal,2022-04-21,Approved,Paid,7295.916666666667,312,16,Single,10,East,Female
5608,1338,41071,12,16.43,Business,2024-07-19,Approved,Paid,8613.0,445,2,Single,10,East,Male
5609,1319,21061,36,11.68,Education,2021-09-29,Approved,Paid,5813.333333333333,461,17,Married,36,West,Male
5610,1202,33810,36,12.01,Education,2024-11-25,Approved,Defaulted,6509.75,459,13,Divorced,20,North,Female
5611,1361,27800,60,8.32,Education,2022-03-09,Approved,Paid,8301.583333333334,601,1,Divorced,5,East,Female
5612,1057,48423,36,14.98,Home,2022-08-13,Approved,Paid,3165.9166666666665,311,6,Single,14,East,Female
5613,1392,46692,48,14.77,Business,2021-07-21,Rejected,,7290.916666666667,698,5,Single,38,West,Male
5614,1218,14940,12,12.65,Car,2022-09-24,Approved,Paid,7183.5,412,13,Married,33,West,Male
5615,1062,8924,24,7.76,Education,2022-02-18,Approved,Paid,4615.5,746,18,Married,41,West,Male
5616,1157,33054,24,6.26,Education,2021-11-28,Approved,Paid,6599.083333333333,804,12,Single,32,East,Male
5617,1202,14783,48,5.84,Home,2022-03-25,Approved,Paid,6509.75,459,7,Married,20,North,Female
5618,1017,42253,24,12.71,Car,2024-12-24,Rejected,,4285.083333333333,615,15,Single,11,South,Female
5619,1322,18233,24,15.73,Business,2021-01-06,Approved,Paid,9935.833333333334,359,3,Single,6,Central,Male
5620,1006,29484,24,16.16,Personal,2020-08-19,Approved,Defaulted,8782.333333333334,748,16,Divorced,41,North,Female
5621,1058,30068,12,11.03,Home,2022-12-11,Approved,Defaulted,7778.666666666667,427,1,Single,38,North,Male
5622,1325,5191,24,15.2,Business,2021-12-31,Approved,Paid,10294.833333333334,705,16,Married,38,East,Female
5623,1412,30074,60,17.31,Personal,2024-12-28,Rejected,,10414.75,477,12,Divorced,38,North,Female
5624,1318,9917,36,8.58,Education,2023-01-06,Approved,Defaulted,9760.166666666666,835,19,Divorced,15,North,Male
5625,1169,43599,36,10.17,Education,2021-04-25,Approved,Paid,7199.0,527,8,Married,16,East,Male
5626,1453,30832,48,17.11,Car,2023-11-30,Approved,Defaulted,11137.25,553,12,Married,23,West,Female
5627,1082,47928,24,9.4,Personal,2020-05-08,Approved,Paid,2282.0,455,15,Married,43,Central,Female
5628,1474,25706,12,16.88,Education,2024-05-20,Rejected,,7880.083333333333,767,2,Single,23,Central,Female
5629,1468,18682,24,17.75,Education,2023-04-05,Approved,Paid,3787.25,463,17,Divorced,21,East,Male
5630,1425,31762,24,13.6,Car,2021-01-21,Approved,Paid,2751.3333333333335,813,7,Single,16,Central,Female
5631,1433,28383,36,15.62,Business,2023-02-11,Approved,Paid,6401.083333333333,385,13,Single,25,West,Male
5632,1219,32796,24,14.74,Education,2023-07-12,Approved,Paid,9533.333333333334,421,1,Single,41,Central,Female
5633,1177,28666,12,14.09,Home,2023-10-11,Approved,Defaulted,8257.083333333334,741,6,Single,35,North,Male
5634,1204,30662,36,8.99,Home,2020-02-19,Approved,Defaulted,6949.5,587,13,Divorced,16,West,Male
5635,1071,39642,60,5.74,Business,2023-12-24,Approved,Paid,4449.833333333333,766,11,Divorced,19,South,Female
5636,1387,46830,48,9.46,Personal,2021-01-17,Approved,Paid,9657.25,740,10,Single,36,South,Male
5637,1266,42531,48,13.67,Car,2024-05-23,Approved,Paid,6140.666666666667,560,16,Married,11,North,Female
5638,1098,15234,48,6.33,Home,2020-10-01,Rejected,,9591.833333333334,784,17,Divorced,28,East,Female
5639,1345,14221,24,5.15,Home,2022-02-03,Approved,Paid,3542.3333333333335,497,17,Single,17,West,Male
5640,1291,16410,48,6.82,Business,2021-02-17,Approved,Paid,10926.833333333334,319,4,Married,39,North,Male
5641,1208,19519,12,14.3,Personal,2020-01-28,Approved,Paid,11773.0,821,5,Married,36,East,Female
5642,1002,6051,36,17.65,Personal,2024-09-19,Approved,Defaulted,6945.166666666667,780,14,Single,13,North,Female
5643,1124,49993,36,17.78,Business,2024-07-17,Approved,Paid,4400.833333333333,607,10,Divorced,30,Central,Male
5644,1280,14765,12,11.42,Home,2024-05-19,Rejected,,7295.916666666667,312,14,Married,10,East,Female
5645,1074,16382,48,16.3,Car,2023-01-19,Approved,Paid,10305.666666666666,552,1,Divorced,10,West,Female
5646,1166,17580,60,14.58,Home,2023-04-20,Approved,Paid,4110.166666666667,576,11,Divorced,16,West,Male
5647,1022,37323,24,11.51,Personal,2024-04-28,Approved,Paid,4442.333333333333,538,18,Married,40,West,Male
5648,1154,49757,48,12.45,Home,2024-08-04,Approved,Paid,9893.166666666666,400,16,Single,44,West,Male
5649,1427,16939,12,6.78,Car,2024-12-23,Approved,Paid,10649.75,411,18,Married,36,East,Male
5650,1439,34964,36,17.19,Education,2020-06-13,Approved,Paid,7217.5,576,8,Married,42,West,Male
5651,1295,5307,36,9.58,Home,2021-11-16,Approved,Defaulted,4783.5,431,10,Divorced,46,East,Female
5652,1219,8359,36,10.8,Business,2022-06-20,Approved,Defaulted,9533.333333333334,421,10,Single,41,Central,Female
5653,1157,34648,60,13.73,Education,2024-11-13,Approved,Paid,6599.083333333333,804,5,Divorced,32,East,Male
5654,1495,40944,48,9.34,Business,2020-07-24,Approved,Paid,4383.833333333333,461,10,Married,37,South,Male
5655,1230,39019,48,8.31,Business,2022-07-25,Approved,Paid,9547.583333333334,537,18,Single,37,West,Male
5656,1020,43134,24,13.2,Business,2022-11-26,Approved,Defaulted,3716.25,789,6,Single,20,North,Male
5657,1475,32323,60,5.32,Home,2020-07-25,Approved,Defaulted,11854.5,753,3,Single,5,Central,Male
5658,1041,11226,12,14.37,Personal,2024-04-15,Approved,Paid,6759.583333333333,588,8,Single,16,Central,Male
5659,1438,26689,48,11.68,Education,2021-02-20,Approved,Paid,3152.3333333333335,690,9,Single,43,Central,Female
5660,1148,35971,24,12.87,Car,2023-04-08,Approved,Paid,10979.333333333334,378,5,Married,31,Central,Male
5661,1108,30954,12,13.21,Personal,2021-08-23,Approved,Paid,3694.75,704,2,Married,29,Central,Female
5662,1403,29423,36,11.85,Home,2020-05-23,Approved,Defaulted,7162.333333333333,320,2,Married,40,North,Male
5663,1084,35391,24,12.57,Business,2023-10-08,Approved,Paid,3339.3333333333335,793,7,Divorced,17,South,Female
5664,1483,19330,24,13.89,Car,2021-09-13,Approved,Paid,6722.333333333333,519,17,Single,7,West,Male
5665,1367,9891,24,14.79,Education,2021-10-20,Approved,Paid,4164.333333333333,559,10,Single,12,Central,Female
5666,1322,9992,12,14.46,Personal,2022-12-08,Rejected,,9935.833333333334,359,12,Married,6,Central,Male
5667,1414,6961,24,16.31,Personal,2022-01-25,Approved,Paid,7292.25,626,2,Single,25,East,Male
5668,1309,17497,12,7.46,Car,2021-05-03,Approved,Paid,12148.25,572,10,Divorced,44,North,Female
5669,1290,37551,36,10.21,Home,2022-09-30,Approved,Defaulted,5552.25,676,1,Single,36,Central,Female
5670,1406,15848,12,17.32,Education,2020-08-23,Approved,Paid,8758.166666666666,604,4,Single,21,North,Female
5671,1323,18255,36,10.16,Car,2022-11-09,Approved,Defaulted,9226.333333333334,618,13,Divorced,24,West,Female
5672,1134,9567,24,6.62,Business,2021-06-26,Approved,Paid,7635.333333333333,491,12,Married,13,Central,Male
5673,1207,44281,60,11.83,Education,2024-05-20,Approved,Paid,4065.1666666666665,822,11,Married,42,North,Female
5674,1283,25389,48,6.42,Personal,2020-03-08,Approved,Paid,3953.3333333333335,533,10,Single,43,Central,Female
5675,1266,49523,24,7.64,Car,2023-12-09,Approved,Paid,6140.666666666667,560,15,Divorced,11,North,Female
5676,1073,48919,48,17.98,Personal,2024-06-12,Approved,Paid,5571.833333333333,681,5,Married,40,North,Male
5677,1481,21567,48,12.04,Personal,2020-05-20,Approved,Defaulted,4873.916666666667,339,17,Married,22,North,Female
5678,1352,8358,60,8.69,Personal,2021-07-14,Approved,Paid,7659.5,436,5,Married,25,South,Male
5679,1048,27999,36,17.93,Home,2022-12-26,Approved,Paid,8150.416666666667,735,2,Single,6,South,Male
5680,1326,47358,12,17.57,Personal,2024-02-05,Approved,Paid,3364.3333333333335,408,9,Divorced,27,South,Female
5681,1233,15988,36,10.73,Business,2023-01-15,Approved,Paid,12455.583333333334,555,6,Single,42,West,Female
5682,1443,45446,36,8.39,Business,2024-12-08,Approved,Paid,9181.583333333334,367,18,Married,45,East,Male
5683,1100,36521,36,15.9,Education,2021-08-09,Approved,Paid,10370.083333333334,818,14,Divorced,28,South,Male
5684,1059,10698,24,14.3,Personal,2022-07-22,Approved,Paid,10828.833333333334,391,19,Single,24,North,Male
5685,1258,6273,48,13.93,Personal,2024-02-21,Rejected,,3387.4166666666665,580,14,Married,31,East,Female
5686,1413,32543,60,16.61,Car,2021-10-18,Rejected,,6738.333333333333,789,8,Married,5,Central,Female
5687,1452,36349,24,13.96,Home,2023-10-16,Approved,Defaulted,8436.666666666666,365,17,Single,40,South,Female
5688,1065,16241,12,8.69,Education,2021-08-22,Approved,Paid,7861.5,553,3,Married,40,West,Male
5689,1083,14497,24,14.02,Personal,2024-06-22,Approved,Paid,7276.666666666667,489,10,Married,30,East,Male
5690,1154,46875,48,8.98,Car,2023-09-25,Approved,Paid,9893.166666666666,400,17,Divorced,44,West,Male
5691,1473,37703,36,14.87,Home,2022-02-12,Approved,Defaulted,6695.833333333333,509,11,Married,25,West,Male
5692,1266,49041,36,13.06,Education,2024-04-19,Approved,Paid,6140.666666666667,560,8,Single,11,North,Female
5693,1309,36954,36,6.01,Education,2020-04-01,Rejected,,12148.25,572,1,Divorced,44,North,Female
5694,1079,13002,36,11.67,Personal,2020-12-13,Approved,Defaulted,8919.583333333334,398,13,Single,5,West,Male
5695,1315,9247,24,9.46,Education,2023-06-24,Approved,Paid,10437.666666666666,635,4,Married,8,Central,Male
5696,1150,46988,36,9.27,Car,2021-07-22,Approved,Paid,9979.5,766,7,Divorced,26,North,Female
5697,1435,26698,48,12.83,Education,2024-05-16,Rejected,,5085.083333333333,593,14,Divorced,15,West,Female
5698,1048,24738,60,9.19,Business,2023-11-02,Approved,Paid,8150.416666666667,735,5,Divorced,6,South,Male
5699,1405,15703,60,15.1,Car,2023-08-19,Approved,Paid,4833.5,430,11,Divorced,43,Central,Female
5700,1379,22570,60,5.92,Home,2020-07-27,Approved,Paid,4395.583333333333,462,17,Single,22,West,Female
5701,1248,17392,36,13.59,Home,2021-02-22,Rejected,,9102.25,577,5,Married,30,South,Male
5702,1278,49724,36,15.52,Personal,2024-06-25,Approved,Paid,3978.0,365,3,Married,38,Central,Female
5703,1356,37299,48,13.75,Personal,2021-06-26,Rejected,,10936.583333333334,437,5,Divorced,10,North,Male
5704,1098,20641,60,11.46,Business,2021-08-24,Approved,Paid,9591.833333333334,784,15,Married,28,East,Female
5705,1414,18998,12,17.35,Home,2020-03-15,Approved,Paid,7292.25,626,19,Single,25,East,Male
5706,1025,11305,24,8.9,Home,2021-06-30,Approved,Paid,4257.166666666667,457,16,Married,27,East,Female
5707,1493,37726,12,5.25,Home,2024-09-24,Approved,Paid,9486.583333333334,832,8,Single,34,Central,Male
5708,1284,23782,36,10.62,Home,2021-08-05,Approved,Paid,5017.083333333333,613,13,Single,6,North,Male
5709,1449,17721,24,5.43,Education,2023-10-15,Rejected,,3717.5833333333335,357,16,Married,5,Central,Male
5710,1369,44763,24,17.4,Car,2022-03-08,Approved,Paid,4304.5,612,3,Single,17,West,Male
5711,1301,17427,12,7.73,Car,2023-05-09,Approved,Paid,3434.0833333333335,453,1,Single,11,North,Male
5712,1068,25566,24,15.26,Business,2023-12-03,Approved,Paid,3612.8333333333335,766,9,Single,36,West,Male
5713,1007,7230,48,15.07,Education,2023-04-19,Approved,Paid,9647.333333333334,479,9,Single,20,North,Male
5714,1305,11511,24,7.83,Home,2020-03-25,Approved,Defaulted,9684.833333333334,337,17,Divorced,33,East,Female
5715,1137,47229,36,13.08,Home,2024-11-16,Approved,Paid,2897.0,692,2,Married,19,Central,Male
5716,1164,31177,36,5.63,Personal,2024-03-16,Approved,Paid,3734.1666666666665,316,9,Divorced,22,Central,Female
5717,1083,9765,48,11.29,Personal,2024-02-09,Approved,Paid,7276.666666666667,489,19,Single,30,East,Male
5718,1385,25354,12,5.19,Business,2020-06-20,Rejected,,9241.333333333334,527,13,Married,32,North,Male
5719,1138,28929,60,16.97,Home,2024-11-20,Approved,Paid,12152.666666666666,724,5,Single,20,South,Male
5720,1420,33820,36,17.69,Business,2024-01-17,Rejected,,3761.0,476,9,Married,29,Central,Female
5721,1073,34523,60,7.89,Education,2020-01-31,Approved,Defaulted,5571.833333333333,681,13,Divorced,40,North,Male
5722,1237,10552,60,7.71,Car,2021-12-21,Approved,Paid,8825.75,765,1,Married,28,South,Female
5723,1046,5627,24,14.8,Home,2021-08-15,Approved,Paid,10936.083333333334,537,15,Single,12,South,Female
5724,1106,16989,12,8.29,Education,2023-11-09,Approved,Paid,5139.5,482,4,Married,44,West,Female
5725,1416,18780,24,16.64,Home,2022-12-12,Rejected,,2258.3333333333335,653,4,Married,10,East,Male
5726,1288,11589,36,12.46,Personal,2020-11-09,Approved,Defaulted,6675.25,717,10,Divorced,41,North,Male
5727,1262,39812,24,9.56,Business,2020-08-10,Approved,Paid,6147.166666666667,435,6,Single,30,South,Female
5728,1176,33128,24,15.83,Personal,2020-07-10,Rejected,,10712.166666666666,790,12,Married,37,North,Female
5729,1166,43652,36,11.41,Car,2022-04-27,Approved,Paid,4110.166666666667,576,16,Divorced,16,West,Male
5730,1145,32790,12,16.85,Personal,2020-08-21,Approved,Defaulted,2691.25,531,3,Married,45,West,Female
5731,1330,45953,12,17.06,Home,2022-10-21,Approved,Paid,9580.25,416,14,Single,29,Central,Female
5732,1370,5249,36,7.15,Personal,2020-02-11,Rejected,,8814.083333333334,481,1,Married,27,West,Male
5733,1283,24309,12,5.03,Home,2022-06-22,Approved,Paid,3953.3333333333335,533,10,Married,43,Central,Female
5734,1054,30901,24,17.79,Car,2023-03-29,Approved,Paid,3823.1666666666665,836,15,Married,23,East,Female
5735,1178,28576,36,16.78,Personal,2021-07-05,Approved,Defaulted,3919.25,560,7,Married,24,Central,Male
5736,1419,36508,36,5.72,Business,2020-06-15,Rejected,,4431.0,722,4,Single,28,Central,Female
5737,1244,14175,48,15.83,Business,2024-07-29,Approved,Defaulted,10175.166666666666,706,14,Divorced,30,South,Male
5738,1341,30464,36,10.95,Business,2023-09-16,Approved,Paid,2570.1666666666665,602,16,Divorced,19,Central,Male
5739,1127,21260,36,8.37,Personal,2024-03-08,Approved,Defaulted,2958.5833333333335,845,14,Married,9,South,Female
5740,1409,40440,36,16.42,Personal,2024-09-08,Rejected,,4306.0,744,3,Single,24,South,Female
5741,1412,34546,48,7.56,Personal,2021-11-21,Rejected,,10414.75,477,17,Single,38,North,Female
5742,1367,45047,48,17.31,Home,2022-07-15,Rejected,,4164.333333333333,559,14,Single,12,Central,Female
5743,1271,46430,48,7.67,Car,2024-02-17,Approved,Paid,9506.75,523,18,Single,18,North,Female
5744,1132,6987,36,12.98,Business,2023-09-16,Approved,Paid,2990.5,696,3,Single,39,East,Male
5745,1093,30105,12,7.9,Home,2024-12-17,Approved,Paid,11385.666666666666,719,19,Single,18,South,Female
5746,1379,17948,24,12.09,Business,2024-04-30,Rejected,,4395.583333333333,462,3,Married,22,West,Female
5747,1073,18026,12,13.89,Home,2021-04-10,Approved,Paid,5571.833333333333,681,12,Divorced,40,North,Male
5748,1411,7773,60,7.47,Personal,2021-10-24,Approved,Paid,2941.0833333333335,460,5,Divorced,35,Central,Male
5749,1410,14878,36,11.77,Business,2024-08-16,Approved,Paid,2434.4166666666665,724,10,Married,21,North,Female
5750,1403,47946,48,11.1,Personal,2024-01-10,Approved,Paid,7162.333333333333,320,9,Divorced,40,North,Male
5751,1248,15377,24,5.92,Business,2022-09-10,Approved,Defaulted,9102.25,577,1,Single,30,South,Male
5752,1348,12347,48,15.64,Education,2021-01-27,Approved,Defaulted,8811.833333333334,698,13,Single,26,East,Female
5753,1273,38776,24,9.36,Home,2023-10-29,Approved,Paid,4741.416666666667,772,3,Divorced,24,Central,Female
5754,1043,8783,12,12.47,Education,2021-10-24,Approved,Paid,8617.083333333334,394,19,Single,31,Central,Female
5755,1377,9298,24,11.69,Home,2022-10-08,Approved,Paid,4981.083333333333,641,11,Single,10,Central,Female
5756,1041,9668,36,11.67,Car,2024-11-16,Approved,Paid,6759.583333333333,588,16,Divorced,16,Central,Male
5757,1170,25671,36,6.39,Business,2024-05-30,Approved,Paid,11271.0,735,6,Married,12,South,Female
5758,1434,39820,48,10.51,Car,2023-07-17,Approved,Defaulted,10447.333333333334,643,3,Divorced,26,East,Female
5759,1212,39484,12,10.88,Car,2020-07-12,Approved,Paid,3931.0833333333335,787,19,Divorced,17,Central,Male
5760,1493,38078,36,14.54,Home,2022-09-11,Approved,Paid,9486.583333333334,832,6,Divorced,34,Central,Male
5761,1168,25922,36,15.92,Education,2020-04-25,Approved,Paid,4829.583333333333,665,8,Divorced,44,Central,Male
5762,1039,39028,24,12.08,Personal,2023-09-16,Approved,Paid,7084.25,836,13,Married,33,North,Male
5763,1369,25316,48,6.13,Home,2024-04-16,Approved,Defaulted,4304.5,612,12,Married,17,West,Male
5764,1245,16460,48,8.08,Personal,2021-08-06,Approved,Paid,5925.083333333333,387,10,Single,22,East,Male
5765,1151,21968,48,7.14,Car,2020-04-10,Rejected,,8414.083333333334,715,3,Single,33,West,Male
5766,1111,35266,48,6.62,Personal,2022-09-14,Approved,Paid,8579.083333333334,722,4,Divorced,32,West,Female
5767,1480,35209,48,9.76,Education,2020-11-14,Approved,Paid,5967.25,582,1,Single,42,West,Female
5768,1436,29000,24,7.98,Home,2023-03-26,Approved,Paid,6594.25,542,13,Married,11,South,Female
5769,1047,19011,48,7.84,Education,2020-11-08,Approved,Paid,10720.916666666666,680,4,Single,27,South,Female
5770,1063,7866,24,5.71,Education,2021-03-29,Approved,Paid,6685.0,689,11,Single,9,South,Male
5771,1225,10898,24,5.23,Home,2024-06-03,Approved,Paid,2682.5,829,19,Single,31,South,Female
5772,1366,23395,12,6.34,Education,2022-10-08,Approved,Defaulted,4363.666666666667,655,11,Divorced,30,South,Male
5773,1069,44019,48,7.24,Business,2023-09-28,Approved,Paid,3932.5,586,12,Single,27,West,Female
5774,1299,42707,48,10.6,Business,2020-04-21,Rejected,,2547.5833333333335,835,11,Married,45,North,Male
5775,1432,9006,24,11.64,Business,2022-07-24,Approved,Defaulted,10455.166666666666,734,6,Married,45,East,Female
5776,1290,39393,48,6.83,Personal,2020-07-03,Approved,Paid,5552.25,676,12,Married,36,Central,Female
5777,1296,15956,60,10.52,Education,2022-12-12,Approved,Paid,6532.0,680,9,Married,25,West,Female
5778,1203,35663,12,9.44,Home,2021-09-21,Approved,Paid,10749.166666666666,650,10,Single,8,Central,Male
5779,1061,11078,24,7.38,Home,2020-01-30,Rejected,,5108.666666666667,831,3,Divorced,46,South,Male
5780,1434,34631,48,5.09,Personal,2023-02-05,Approved,Paid,10447.333333333334,643,3,Married,26,East,Female
5781,1451,35140,24,11.07,Home,2021-04-11,Rejected,,3079.1666666666665,746,16,Married,26,West,Female
5782,1318,46691,36,13.91,Business,2024-07-28,Approved,Paid,9760.166666666666,835,3,Divorced,15,North,Male
5783,1314,8961,12,7.94,Education,2020-06-27,Approved,Paid,5344.083333333333,814,10,Divorced,19,West,Male
5784,1161,34277,36,6.71,Home,2021-05-28,Approved,Paid,10443.166666666666,734,11,Married,44,South,Male
5785,1331,46574,48,16.53,Home,2021-02-24,Approved,Paid,10318.833333333334,318,8,Married,44,Central,Male
5786,1016,36417,36,8.58,Car,2024-10-24,Approved,Paid,4153.5,641,6,Divorced,26,South,Male
5787,1338,27484,48,7.91,Car,2022-04-18,Approved,Paid,8613.0,445,11,Married,10,East,Male
5788,1094,23103,48,16.14,Car,2021-09-22,Approved,Paid,4209.833333333333,423,12,Married,41,East,Female
5789,1304,34345,48,15.62,Education,2021-07-02,Approved,Paid,5679.0,501,16,Single,39,South,Female
5790,1138,44454,36,10.83,Business,2024-05-17,Rejected,,12152.666666666666,724,18,Divorced,20,South,Male
5791,1338,6587,12,11.36,Business,2022-03-18,Approved,Paid,8613.0,445,13,Single,10,East,Male
5792,1038,47571,36,7.83,Business,2023-12-31,Approved,Paid,10672.083333333334,565,3,Single,16,North,Male
5793,1127,26031,12,6.02,Education,2020-11-25,Approved,Defaulted,2958.5833333333335,845,15,Divorced,9,South,Female
5794,1275,31212,48,12.45,Education,2021-01-25,Approved,Paid,7808.583333333333,704,14,Single,35,East,Male
5795,1164,15350,24,6.28,Car,2024-10-17,Approved,Paid,3734.1666666666665,316,18,Married,22,Central,Female
5796,1443,23816,36,10.84,Home,2023-07-21,Rejected,,9181.583333333334,367,14,Single,45,East,Male
5797,1319,25288,24,17.23,Personal,2022-09-30,Rejected,,5813.333333333333,461,5,Divorced,36,West,Male
5798,1077,34432,48,17.39,Personal,2024-04-06,Approved,Paid,6121.333333333333,756,14,Married,22,South,Female
5799,1174,49222,48,8.11,Home,2022-01-17,Rejected,,4435.0,798,8,Married,37,South,Female
5800,1387,11837,24,13.11,Car,2023-08-09,Approved,Paid,9657.25,740,15,Married,36,South,Male
5801,1458,39217,48,11.16,Home,2021-06-16,Approved,Paid,4770.416666666667,678,15,Married,34,South,Female
5802,1358,25884,24,16.38,Home,2021-10-07,Approved,Paid,12342.166666666666,553,19,Single,8,West,Female
5803,1321,10454,36,8.53,Personal,2020-10-13,Approved,Paid,8071.166666666667,487,6,Single,7,South,Female
5804,1376,14424,48,5.05,Car,2021-05-04,Approved,Defaulted,11965.083333333334,713,19,Married,23,East,Female
5805,1091,41885,24,7.11,Education,2024-04-12,Approved,Defaulted,7752.166666666667,679,8,Divorced,7,West,Female
5806,1238,46637,60,9.54,Personal,2023-03-11,Approved,Paid,4743.416666666667,840,6,Married,23,Central,Female
5807,1264,48618,12,9.1,Education,2024-07-03,Approved,Paid,2668.0,485,15,Single,38,South,Male
5808,1179,23412,12,15.29,Car,2022-08-06,Approved,Paid,7976.75,649,3,Married,22,West,Male
5809,1494,44613,60,13.85,Home,2023-01-27,Rejected,,11318.0,568,10,Single,27,West,Female
5810,1490,25142,12,8.89,Business,2024-12-06,Approved,Defaulted,3828.0,315,15,Married,8,West,Male
5811,1209,42392,60,10.95,Business,2023-11-05,Approved,Paid,4454.5,572,16,Divorced,5,Central,Female
5812,1073,13848,60,6.24,Car,2021-01-20,Approved,Paid,5571.833333333333,681,17,Married,40,North,Male
5813,1390,18136,12,16.68,Business,2020-07-17,Approved,Paid,6031.416666666667,818,19,Divorced,11,East,Male
5814,1107,5589,36,17.16,Education,2022-01-16,Approved,Defaulted,11943.75,685,11,Divorced,43,North,Female
5815,1345,25908,24,17.74,Business,2020-09-20,Approved,Defaulted,3542.3333333333335,497,16,Married,17,West,Male
5816,1295,11509,36,16.29,Car,2022-01-08,Approved,Paid,4783.5,431,5,Divorced,46,East,Female
5817,1369,45461,12,7.26,Car,2021-09-02,Approved,Defaulted,4304.5,612,5,Divorced,17,West,Male
5818,1444,47222,24,5.6,Education,2023-06-26,Approved,Paid,3349.4166666666665,513,14,Single,40,North,Female
5819,1284,49476,24,12.53,Business,2023-04-04,Approved,Paid,5017.083333333333,613,18,Single,6,North,Male
5820,1353,14968,36,16.86,Business,2024-08-29,Approved,Defaulted,11921.833333333334,699,8,Divorced,19,West,Male
5821,1182,7462,60,7.31,Home,2020-07-04,Approved,Defaulted,7063.833333333333,619,5,Married,37,North,Male
5822,1037,14460,48,5.09,Personal,2021-05-23,Rejected,,7618.166666666667,505,7,Divorced,21,South,Female
5823,1137,38783,48,15.47,Car,2023-07-20,Approved,Paid,2897.0,692,16,Married,19,Central,Male
5824,1338,14275,36,6.0,Home,2022-08-03,Rejected,,8613.0,445,14,Single,10,East,Male
5825,1056,33677,48,10.38,Car,2024-01-01,Approved,Defaulted,7262.833333333333,472,5,Married,7,East,Female
5826,1187,18269,24,13.83,Home,2020-02-12,Rejected,,8854.416666666666,636,9,Divorced,14,East,Female
5827,1341,5406,48,8.08,Personal,2020-11-09,Approved,Paid,2570.1666666666665,602,4,Divorced,19,Central,Male
5828,1258,12384,60,6.09,Home,2024-04-18,Approved,Paid,3387.4166666666665,580,4,Divorced,31,East,Female
5829,1445,27553,24,15.01,Car,2021-02-04,Rejected,,9782.416666666666,675,16,Divorced,43,North,Female
5830,1058,29366,36,13.19,Business,2023-05-07,Approved,Paid,7778.666666666667,427,17,Divorced,38,North,Male
5831,1363,49036,48,17.85,Car,2024-02-09,Approved,Paid,9249.333333333334,348,15,Married,6,South,Male
5832,1123,22369,60,9.48,Education,2024-04-15,Approved,Defaulted,6801.833333333333,694,4,Divorced,6,South,Female
5833,1188,16795,48,5.8,Education,2021-12-10,Approved,Paid,10888.25,522,6,Single,40,Central,Male
5834,1230,9485,24,14.55,Education,2024-07-29,Rejected,,9547.583333333334,537,16,Divorced,37,West,Male
5835,1168,46669,24,11.78,Education,2024-12-20,Approved,Paid,4829.583333333333,665,4,Married,44,Central,Male
5836,1420,7618,12,7.77,Personal,2020-06-03,Approved,Paid,3761.0,476,6,Divorced,29,Central,Female
5837,1114,35143,48,15.16,Business,2022-06-19,Approved,Paid,3550.9166666666665,512,5,Divorced,31,West,Female
5838,1252,34425,12,7.65,Business,2023-09-11,Approved,Paid,6755.916666666667,318,16,Married,29,West,Male
5839,1107,27673,48,8.39,Car,2020-07-10,Approved,Paid,11943.75,685,16,Divorced,43,North,Female
5840,1037,14603,12,6.2,Home,2020-09-30,Approved,Defaulted,7618.166666666667,505,10,Married,21,South,Female
5841,1335,44696,24,10.19,Car,2022-03-18,Approved,Paid,6586.666666666667,412,9,Divorced,8,North,Female
5842,1092,10368,36,10.45,Car,2024-12-20,Approved,Paid,12222.333333333334,520,4,Single,12,South,Female
5843,1018,9621,48,11.69,Car,2020-08-15,Rejected,,2225.6666666666665,400,14,Divorced,27,East,Female
5844,1354,19719,12,14.22,Car,2022-01-31,Approved,Paid,7671.25,804,4,Married,36,South,Female
5845,1063,34227,36,16.78,Business,2022-01-08,Approved,Defaulted,6685.0,689,12,Single,9,South,Male
5846,1150,48894,36,6.79,Home,2023-06-13,Approved,Paid,9979.5,766,10,Married,26,North,Female
5847,1139,12566,24,5.71,Car,2024-06-04,Approved,Paid,12113.0,428,4,Divorced,40,Central,Male
5848,1186,17306,12,5.24,Business,2024-08-25,Approved,Defaulted,10927.25,519,18,Single,31,North,Male
5849,1185,29042,48,6.87,Car,2023-06-05,Rejected,,6808.25,667,13,Married,39,West,Male
5850,1205,20086,36,13.55,Education,2021-09-13,Approved,Paid,10583.75,587,13,Single,30,South,Female
5851,1260,22387,12,14.46,Car,2023-06-19,Rejected,,8205.25,528,14,Single,23,Central,Male
5852,1214,32042,48,15.22,Car,2022-03-04,Approved,Paid,5049.666666666667,713,18,Married,36,North,Male
5853,1256,28888,60,8.17,Personal,2023-12-09,Approved,Paid,10779.166666666666,407,1,Single,41,North,Male
5854,1135,31514,36,8.98,Education,2024-01-06,Approved,Defaulted,7824.916666666667,316,16,Married,45,West,Male
5855,1061,23323,36,11.28,Home,2023-05-17,Approved,Paid,5108.666666666667,831,15,Single,46,South,Male
5856,1363,23019,48,5.82,Car,2020-06-17,Approved,Paid,9249.333333333334,348,5,Single,6,South,Male
5857,1310,14890,60,12.94,Home,2022-03-07,Rejected,,11249.0,418,6,Single,19,East,Female
5858,1088,45863,48,17.79,Education,2020-12-07,Approved,Paid,5459.166666666667,559,6,Divorced,22,Central,Male
5859,1324,15283,36,9.69,Car,2020-10-14,Rejected,,3098.3333333333335,510,3,Divorced,29,West,Female
5860,1476,23279,36,14.79,Personal,2020-10-02,Approved,Paid,6412.916666666667,567,16,Married,17,Central,Female
5861,1207,27908,48,11.5,Business,2022-10-09,Approved,Paid,4065.1666666666665,822,12,Single,42,North,Female
5862,1129,42952,24,6.66,Personal,2021-12-31,Approved,Paid,5164.666666666667,735,4,Married,21,West,Female
5863,1311,40170,36,12.57,Personal,2022-06-25,Approved,Paid,11162.0,815,1,Divorced,24,Central,Female
5864,1003,42663,48,8.9,Business,2023-05-07,Rejected,,11626.333333333334,413,4,Divorced,39,West,Male
5865,1462,49172,36,5.45,Business,2020-12-21,Approved,Paid,11616.416666666666,803,1,Divorced,33,South,Male
5866,1422,14343,36,13.25,Business,2021-11-12,Approved,Paid,3599.9166666666665,793,8,Divorced,26,North,Female
5867,1242,15637,36,16.17,Car,2021-06-25,Approved,Paid,2770.3333333333335,582,5,Married,18,South,Male
5868,1121,39724,12,9.48,Home,2022-01-01,Approved,Paid,9256.0,764,2,Single,31,North,Female
5869,1385,44791,36,10.07,Home,2024-07-16,Approved,Paid,9241.333333333334,527,12,Married,32,North,Male
5870,1102,34134,48,16.58,Business,2020-03-16,Approved,Paid,11983.75,391,17,Single,12,East,Female
5871,1038,8907,24,15.58,Personal,2023-02-04,Approved,Defaulted,10672.083333333334,565,7,Divorced,16,North,Male
5872,1341,38575,24,14.29,Education,2020-04-08,Approved,Paid,2570.1666666666665,602,11,Single,19,Central,Male
5873,1496,9827,60,8.23,Business,2021-12-07,Approved,Paid,6069.333333333333,559,4,Divorced,36,North,Male
5874,1413,35607,24,16.83,Personal,2022-04-10,Approved,Paid,6738.333333333333,789,5,Married,5,Central,Female
5875,1133,18699,24,7.01,Personal,2020-05-25,Approved,Defaulted,3155.5,404,6,Single,13,South,Male
5876,1497,42292,60,13.15,Car,2020-02-03,Approved,Paid,4429.25,401,11,Married,25,Central,Male
5877,1202,30883,48,5.37,Car,2021-12-31,Approved,Paid,6509.75,459,1,Divorced,20,North,Female
5878,1348,10313,36,13.37,Home,2020-01-13,Approved,Defaulted,8811.833333333334,698,10,Married,26,East,Female
5879,1021,18598,48,8.6,Home,2021-02-10,Approved,Paid,8418.416666666666,311,11,Divorced,23,North,Female
5880,1242,33807,12,10.85,Education,2023-07-03,Approved,Paid,2770.3333333333335,582,17,Divorced,18,South,Male
5881,1455,9887,48,9.49,Education,2020-11-04,Approved,Paid,2312.0833333333335,396,8,Divorced,30,West,Male
5882,1451,8854,36,7.25,Education,2023-07-26,Approved,Defaulted,3079.1666666666665,746,13,Married,26,West,Female
5883,1109,19536,48,13.09,Education,2020-08-03,Approved,Paid,3942.75,545,18,Married,35,South,Female
5884,1303,8558,36,16.47,Personal,2022-01-30,Rejected,,9660.833333333334,704,16,Single,35,West,Male
5885,1084,14772,36,17.47,Personal,2024-05-03,Approved,Paid,3339.3333333333335,793,2,Single,17,South,Female
5886,1083,41343,36,7.5,Home,2023-07-03,Approved,Paid,7276.666666666667,489,5,Married,30,East,Male
5887,1291,40186,36,14.33,Car,2023-07-02,Approved,Paid,10926.833333333334,319,18,Married,39,North,Male
5888,1452,41966,48,13.64,Car,2020-06-02,Approved,Paid,8436.666666666666,365,3,Married,40,South,Female
5889,1069,38769,36,9.46,Business,2022-07-09,Approved,Defaulted,3932.5,586,17,Married,27,West,Female
5890,1129,44887,36,5.25,Personal,2021-12-04,Approved,Paid,5164.666666666667,735,16,Divorced,21,West,Female
5891,1196,24229,36,13.97,Education,2021-06-17,Approved,Paid,10488.25,418,6,Divorced,34,West,Female
5892,1140,14673,36,17.29,Education,2022-08-29,Approved,Defaulted,9263.0,429,19,Divorced,17,North,Male
5893,1444,32877,48,13.22,Business,2022-03-05,Approved,Paid,3349.4166666666665,513,7,Married,40,North,Female
5894,1283,36601,48,10.66,Car,2021-02-03,Approved,Defaulted,3953.3333333333335,533,18,Divorced,43,Central,Female
5895,1312,43084,36,11.83,Education,2022-10-03,Approved,Paid,4786.75,520,14,Divorced,26,South,Male
5896,1234,21244,60,7.6,Car,2023-01-24,Approved,Paid,4186.25,534,6,Single,27,South,Female
5897,1023,32356,48,14.76,Business,2024-08-20,Approved,Defaulted,5815.75,341,8,Single,21,North,Female
5898,1153,21806,36,14.7,Car,2024-05-05,Approved,Paid,6443.916666666667,386,15,Divorced,35,North,Male
5899,1277,28099,36,6.89,Car,2021-11-10,Rejected,,4326.416666666667,530,15,Divorced,27,South,Male
5900,1061,49641,60,16.41,Car,2020-01-28,Approved,Paid,5108.666666666667,831,15,Divorced,46,South,Male
5901,1319,42034,36,8.5,Education,2023-01-24,Approved,Paid,5813.333333333333,461,16,Married,36,West,Male
5902,1378,45317,48,17.77,Home,2021-12-18,Approved,Defaulted,6347.333333333333,519,1,Single,31,Central,Male
5903,1052,24094,36,9.98,Personal,2024-12-25,Rejected,,8671.916666666666,781,11,Single,42,West,Female
5904,1344,15589,36,7.31,Car,2021-04-20,Approved,Paid,5914.0,700,5,Single,32,Central,Female
5905,1153,6657,24,9.57,Car,2021-11-28,Approved,Paid,6443.916666666667,386,5,Divorced,35,North,Male
5906,1237,37764,36,10.72,Car,2022-03-24,Approved,Paid,8825.75,765,6,Married,28,South,Female
5907,1311,44531,60,5.9,Home,2023-05-10,Approved,Paid,11162.0,815,2,Single,24,Central,Female
5908,1302,8164,36,12.52,Business,2024-12-07,Rejected,,11545.833333333334,768,6,Single,24,East,Male
5909,1032,32542,36,12.77,Education,2022-12-11,Approved,Paid,7591.083333333333,372,14,Married,5,North,Male
5910,1055,23437,60,14.61,Home,2023-09-26,Approved,Defaulted,6341.5,378,11,Divorced,17,Central,Male
5911,1352,46247,36,5.38,Car,2021-12-13,Rejected,,7659.5,436,4,Divorced,25,South,Male
5912,1389,43505,36,12.04,Home,2023-01-15,Approved,Paid,10086.25,495,9,Single,14,South,Male
5913,1036,24601,48,5.69,Home,2022-11-29,Approved,Defaulted,10234.0,765,3,Single,11,North,Male
5914,1110,33430,48,14.11,Home,2022-05-29,Approved,Paid,4328.583333333333,770,16,Married,33,Central,Male
5915,1490,11009,24,5.72,Business,2022-01-31,Approved,Paid,3828.0,315,11,Single,8,West,Male
5916,1177,9552,36,16.85,Personal,2024-04-15,Approved,Paid,8257.083333333334,741,4,Married,35,North,Male
5917,1362,14417,36,14.13,Education,2021-11-17,Approved,Defaulted,5278.5,648,1,Single,15,West,Male
5918,1314,46989,24,11.6,Business,2024-01-08,Approved,Paid,5344.083333333333,814,16,Single,19,West,Male
5919,1295,7671,36,10.74,Business,2023-01-07,Approved,Paid,4783.5,431,19,Single,46,East,Female
5920,1336,11519,36,6.7,Personal,2024-11-12,Rejected,,8363.083333333334,482,16,Divorced,26,West,Female
5921,1097,41730,24,8.78,Business,2021-10-25,Approved,Paid,9787.166666666666,362,11,Married,5,East,Female
5922,1369,17734,36,16.3,Home,2022-11-10,Rejected,,4304.5,612,8,Married,17,West,Male
5923,1213,8722,12,16.76,Home,2022-04-08,Approved,Paid,4850.333333333333,423,1,Divorced,29,North,Male
5924,1317,9906,36,5.01,Car,2020-11-17,Approved,Paid,11282.916666666666,799,9,Divorced,29,South,Male
5925,1137,35096,48,12.72,Business,2023-11-05,Rejected,,2897.0,692,12,Divorced,19,Central,Male
5926,1006,45031,48,14.35,Car,2023-04-15,Approved,Paid,8782.333333333334,748,8,Married,41,North,Female
5927,1499,18699,24,13.04,Education,2024-07-11,Approved,Paid,3025.6666666666665,546,17,Single,12,West,Male
5928,1109,26438,12,6.06,Home,2022-05-23,Approved,Paid,3942.75,545,10,Divorced,35,South,Female
5929,1035,48856,24,7.83,Education,2020-11-28,Approved,Paid,3241.0833333333335,429,7,Divorced,21,West,Female
5930,1039,38576,36,8.25,Personal,2024-01-03,Approved,Paid,7084.25,836,19,Divorced,33,North,Male
5931,1150,46938,24,15.81,Home,2020-08-22,Rejected,,9979.5,766,6,Single,26,North,Female
5932,1425,37247,36,11.02,Education,2023-03-02,Approved,Paid,2751.3333333333335,813,19,Single,16,Central,Female
5933,1118,48461,24,11.33,Personal,2021-05-02,Approved,Defaulted,8870.166666666666,637,18,Divorced,5,South,Female
5934,1261,32938,48,17.15,Education,2022-10-12,Approved,Paid,5867.416666666667,410,15,Single,10,North,Male
5935,1426,45469,24,13.28,Personal,2020-10-21,Approved,Paid,5398.25,321,2,Divorced,22,South,Male
5936,1087,22600,24,16.68,Personal,2022-12-18,Approved,Defaulted,8751.5,699,14,Single,15,Central,Female
5937,1465,25435,48,10.93,Home,2022-01-12,Approved,Paid,4593.0,807,10,Married,31,West,Female
5938,1076,23581,24,6.94,Car,2021-01-11,Approved,Paid,3708.5833333333335,762,16,Married,43,East,Female
5939,1471,19191,12,17.09,Personal,2022-12-31,Approved,Paid,4528.0,537,7,Single,41,West,Male
5940,1464,24190,36,10.96,Personal,2021-03-21,Rejected,,12464.75,307,8,Married,32,South,Male
5941,1451,32386,36,7.36,Home,2024-07-31,Approved,Paid,3079.1666666666665,746,10,Married,26,West,Female
5942,1414,36721,48,8.93,Car,2024-07-31,Approved,Paid,7292.25,626,15,Married,25,East,Male
5943,1313,18704,24,5.66,Business,2023-03-09,Approved,Defaulted,10997.166666666666,825,8,Divorced,22,South,Female
5944,1383,7123,36,11.09,Business,2021-07-30,Approved,Paid,9057.666666666666,481,13,Single,31,South,Female
5945,1214,30174,24,16.09,Car,2022-07-16,Approved,Paid,5049.666666666667,713,12,Single,36,North,Male
5946,1457,49301,12,17.14,Education,2020-09-20,Rejected,,2405.5,735,8,Single,24,Central,Female
5947,1285,19586,48,17.12,Home,2021-04-10,Approved,Paid,12179.666666666666,311,15,Married,9,East,Female
5948,1239,36976,48,6.63,Car,2024-05-20,Rejected,,10821.583333333334,512,12,Divorced,39,North,Male
5949,1165,30416,24,9.97,Business,2024-05-15,Approved,Paid,11945.25,447,11,Single,25,North,Female
5950,1087,6814,36,5.37,Personal,2020-02-16,Rejected,,8751.5,699,19,Married,15,Central,Female
5951,1141,18001,24,16.12,Business,2023-08-31,Approved,Defaulted,5643.916666666667,328,14,Divorced,41,East,Female
5952,1160,21508,48,9.66,Personal,2024-09-08,Rejected,,2800.4166666666665,684,18,Divorced,35,West,Female
5953,1046,24630,12,13.2,Home,2022-10-29,Approved,Paid,10936.083333333334,537,13,Single,12,South,Female
5954,1372,18380,12,14.29,Personal,2022-03-22,Approved,Paid,4526.666666666667,487,4,Single,17,North,Female
5955,1495,40699,36,10.59,Car,2020-06-20,Rejected,,4383.833333333333,461,17,Married,37,South,Male
5956,1112,17317,36,8.98,Personal,2021-11-02,Approved,Paid,2106.3333333333335,364,19,Single,40,Central,Male
5957,1407,40739,36,17.51,Education,2020-10-29,Approved,Paid,11769.666666666666,670,9,Married,31,East,Female
5958,1045,39785,12,17.54,Car,2020-02-09,Approved,Paid,8626.5,635,7,Divorced,21,South,Female
5959,1401,36980,24,8.76,Home,2023-09-21,Rejected,,6611.333333333333,464,1,Divorced,29,West,Female
5960,1247,28799,36,11.24,Car,2022-07-19,Approved,Paid,12211.166666666666,760,7,Divorced,34,South,Male
5961,1104,40183,24,17.65,Education,2022-01-28,Approved,Paid,2570.4166666666665,754,7,Divorced,9,Central,Female
5962,1085,34166,48,5.06,Home,2020-01-10,Approved,Paid,10603.25,562,7,Single,14,East,Male
5963,1450,24480,12,10.36,Business,2024-08-18,Approved,Paid,5732.583333333333,325,8,Single,16,North,Female
5964,1485,6609,36,6.31,Education,2020-04-29,Rejected,,6260.333333333333,819,16,Married,27,Central,Male
5965,1134,5717,36,11.62,Home,2024-01-01,Approved,Paid,7635.333333333333,491,3,Married,13,Central,Male
5966,1108,24945,24,5.32,Personal,2023-11-23,Approved,Paid,3694.75,704,13,Married,29,Central,Female
5967,1018,30592,36,10.29,Car,2020-06-19,Rejected,,2225.6666666666665,400,10,Married,27,East,Female
5968,1094,33141,48,7.87,Home,2022-06-18,Approved,Paid,4209.833333333333,423,18,Married,41,East,Female
5969,1150,35009,24,11.93,Car,2024-05-15,Approved,Defaulted,9979.5,766,7,Divorced,26,North,Female
5970,1246,11782,60,17.95,Personal,2021-04-06,Approved,Paid,11387.083333333334,343,5,Divorced,25,South,Female
5971,1289,31536,36,15.41,Home,2024-01-22,Approved,Defaulted,7984.333333333333,736,7,Divorced,7,North,Male
5972,1414,38816,24,15.99,Business,2022-02-18,Approved,Paid,7292.25,626,17,Married,25,East,Male
5973,1209,30933,36,13.26,Education,2024-01-29,Approved,Paid,4454.5,572,4,Divorced,5,Central,Female
5974,1126,16618,24,5.54,Home,2021-07-10,Approved,Paid,12268.75,809,16,Divorced,15,West,Female
5975,1235,13307,48,7.69,Personal,2020-02-08,Approved,Paid,2096.5833333333335,644,19,Divorced,29,South,Female
5976,1416,31671,48,17.03,Home,2022-12-22,Approved,Defaulted,2258.3333333333335,653,10,Divorced,10,East,Male
5977,1426,45673,48,9.76,Car,2020-07-13,Approved,Paid,5398.25,321,3,Single,22,South,Male
5978,1499,47761,60,6.35,Home,2023-09-08,Approved,Paid,3025.6666666666665,546,3,Married,12,West,Male
5979,1462,15338,48,14.13,Business,2022-07-04,Approved,Paid,11616.416666666666,803,17,Married,33,South,Male
5980,1122,43346,36,8.89,Home,2022-11-17,Approved,Defaulted,12299.083333333334,796,10,Single,41,West,Male
5981,1138,11548,24,8.5,Education,2021-10-25,Approved,Paid,12152.666666666666,724,17,Divorced,20,South,Male
5982,1495,45149,36,17.97,Home,2021-12-05,Approved,Paid,4383.833333333333,461,17,Divorced,37,South,Male
5983,1115,26164,12,16.16,Car,2021-05-16,Approved,Paid,10803.416666666666,541,4,Divorced,37,West,Male
5984,1420,32526,48,10.3,Home,2024-07-15,Approved,Paid,3761.0,476,6,Married,29,Central,Female
5985,1162,36222,36,17.74,Business,2022-06-15,Approved,Paid,2198.4166666666665,707,12,Married,9,East,Male
5986,1201,25176,12,13.45,Personal,2022-06-03,Approved,Paid,7938.583333333333,673,17,Married,21,South,Male
5987,1234,7941,12,14.65,Home,2022-07-27,Approved,Paid,4186.25,534,17,Married,27,South,Female
5988,1028,10695,24,5.41,Home,2020-08-28,Rejected,,9674.0,433,10,Married,39,West,Female
5989,1011,44169,36,6.58,Education,2023-06-01,Rejected,,11951.5,610,7,Single,33,South,Male
5990,1206,30553,36,13.23,Business,2020-01-08,Approved,Paid,10507.0,525,16,Married,39,Central,Male
5991,1167,43965,36,16.69,Personal,2022-07-01,Approved,Paid,5572.416666666667,531,13,Divorced,14,West,Female
5992,1247,43218,36,13.11,Car,2024-08-25,Approved,Paid,12211.166666666666,760,3,Married,34,South,Male
5993,1047,30359,36,6.74,Home,2022-02-01,Approved,Paid,10720.916666666666,680,2,Single,27,South,Female
5994,1246,29816,24,6.5,Personal,2024-10-19,Approved,Paid,11387.083333333334,343,16,Divorced,25,South,Female
5995,1127,13378,12,15.97,Car,2020-01-26,Approved,Paid,2958.5833333333335,845,6,Single,9,South,Female
5996,1147,6881,36,6.81,Business,2022-09-28,Approved,Paid,3032.5,499,6,Divorced,37,Central,Male
5997,1118,44567,36,11.76,Business,2021-05-30,Approved,Defaulted,8870.166666666666,637,13,Married,5,South,Female
5998,1399,18675,12,5.48,Personal,2021-08-03,Approved,Paid,7271.75,441,7,Single,31,South,Female
5999,1382,9586,24,6.05,Car,2022-12-17,Approved,Defaulted,11057.666666666666,699,5,Divorced,10,North,Female
6000,1412,30006,12,13.74,Business,2021-07-10,Approved,Paid,10414.75,477,7,Married,38,North,Female
